Workbook

Sheet Cover
A1: plot # | B1: irrigation type | C1: soil | D1: jute | E1: Inoc | F1: Bare_1 | G1: Rock_1 | H1: Cyano_1 | I1: Lichen_1 | J1: Moss_1 | K1: %Bare_1 | L1: % cyano_1 | M1: %lichen | N1: %moss | O1: %LS_1 | P1: %TotalBiocrust_1 | S1: Bare_2 | T1: Rock_2 | U1: Cyano_2 | V1: Lichen_2 | W1: Bare fabric_2 | X1: Moss_2 | Y1: %Bare_2 | Z1: % cyano_2 | AA1: %lichen_2 | AB1: %moss_2 | AC1: %LS_2 | AD1: %TotalBiocrust_2 | AG1: Jute_2 | AH1: Plant_2 | AI1: % plant | AJ1: Average of LBug_g | AK1: Average of TBug_g | AL1: Average of Gug_g | AM1: tot chl a (665+750) | AN1: Row Labels | AO1: Average of LBmg_L | AP1: Average of TBmg_L | AQ1: Average of LBug | AR1: Average of LBug_g | AS1: Average of TBug_g | AT1: Average of Gug | AU1: Average of Gug_g | AV1: Average of Gmg_L | AW1: Average of TBug
A2: 1 | B2: Hoop | C2: native | D2: no | E2: C | F2: 20 | G2: 5 | K2: =F2*4 -> 80 | L2: =H2*4 -> 0 | M2: =I2*4 -> 0 | N2: =J2*4 -> 0 | O2: =M2+N2 -> 0 | P2: =SUM(L2:N2) -> 0 | S2: 20 | T2: 5 | U2: 0 | V2: 0 | W2: 0 | X2: 0 | Y2: 80 | Z2: 0 | AA2: 0 | AB2: 0 | AC2: 0 | AD2: =SUM(Z2:AB2) -> 0 | AH2: 0 | AI2: 0 | AM2: 12.478133
A3: 2 | B3: Hoop | C3: sand | D3: no | E3: B | F3: 22 | G3: 2 | I3: 1 | J3: 0.5 | K3: =F3*4 -> 88 | L3: =H3*4 -> 0 | M3: =I3*4 -> 4 | N3: =J3*4 -> 2 | O3: =M3+N3 -> 6 | P3: =SUM(L3:N3) -> 6 | S3: 14 | T3: 8 | U3: 0.5 | V3: 3 | W3: 0 | X3: 0.5 | Y3: 56 | Z3: 2 | AA3: 12 | AB3: 2 | AC3: 14 | AD3: =SUM(Z3:AB3) -> 16 | AH3: 0 | AI3: 38 | AM3: 18.549205
A4: 3 | B4: Hoop | C4: native | D4: J_scrape | E4: B | F4: 18 | G4: 5 | I4: 2 | J4: 0.5 | K4: =F4*4 -> 72 | L4: =H4*4 -> 0 | M4: =I4*4 -> 8 | N4: =J4*4 -> 2 | O4: =M4+N4 -> 10 | P4: =SUM(L4:N4) -> 10 | S4: 9 | T4: 7 | U4: 1 | V4: 3 | W4: 0 | X4: 0.5 | Y4: 36 | Z4: 4 | AA4: 12 | AB4: 2 | AC4: 14 | AD4: =SUM(Z4:AB4) -> 18 | AH4: 0 | AI4: 80 | AM4: 51.539722
A5: 4 | B5: Hoop | C5: native | D5: J_direct | E5: B | F5: 16 | G5: 6 | I5: 1 | J5: 2 | K5: =F5*4 -> 64 | L5: =H5*4 -> 0 | M5: =I5*4 -> 4 | N5: =J5*4 -> 8 | O5: =M5+N5 -> 12 | P5: =SUM(L5:N5) -> 12 | S5: 11 | T5: 5 | U5: 6 | V5: 3 | W5: 0 | X5: 0.5 | Y5: 44 | Z5: 24 | AA5: 12 | AB5: 2 | AC5: 14 | AD5: =SUM(Z5:AB5) -> 38 | AH5: 0 | AI5: 64.5 | AJ5: 158.41232 | AK5: 257.73295 | AL5: 306.96719 | AM5: 37.01237 | AN5: 4 | AO5: 6.304549 | AP5: 20.339783 | AQ5: 32.62281 | AR5: 158.41232 | AS5: 257.73295 | AT5: 63.54645 | AU5: 306.96719 | AV5: 10.9336 | AW5: 53.317
A6: 5 | B6: Hoop | C6: sand | D6: J_direct | E6: B | F6: 17 | G6: 6 | I6: 2 | J6: 0.5 | K6: =F6*4 -> 68 | L6: =H6*4 -> 0 | M6: =I6*4 -> 8 | N6: =J6*4 -> 2 | O6: =M6+N6 -> 10 | P6: =SUM(L6:N6) -> 10 | S6: 10 | T6: 4 | U6: 9 | V6: 2 | W6: 0 | X6: 0.5 | Y6: 40 | Z6: 36 | AA6: 8 | AB6: 2 | AC6: 10 | AD6: =SUM(Z6:AB6) -> 46 | AH6: 0 | AI6: 30.5 | AM6: 37.703234
A7: 6 | B7: Hoop | C7: native | D7: J_direct | E7: C | F7: 17 | G7: 8 | K7: =F7*4 -> 68 | L7: =H7*4 -> 0 | M7: =I7*4 -> 0 | N7: =J7*4 -> 0 | O7: =M7+N7 -> 0 | P7: =SUM(L7:N7) -> 0 | S7: 12 | T7: 6 | U7: 1 | V7: 0 | W7: 0 | X7: 0 | Y7: 48 | Z7: 4 | AA7: 0 | AB7: 0 | AC7: 0 | AD7: =SUM(Z7:AB7) -> 4 | AH7: 6 | AI7: 25 | AM7: 7.2302423
A8: 7 | B8: Hoop | C8: sand | D8: J_scrape | E8: B | F8: 19 | G8: 3 | I8: 3 | J8: 0.5 | K8: =F8*4 -> 76 | L8: =H8*4 -> 0 | M8: =I8*4 -> 12 | N8: =J8*4 -> 2 | O8: =M8+N8 -> 14 | P8: =SUM(L8:N8) -> 14 | S8: 12 | T8: 2 | U8: 7 | V8: 3 | W8: 0 | X8: 0.5 | Y8: 48 | Z8: 28 | AA8: 12 | AB8: 2 | AC8: 14 | AD8: =SUM(Z8:AB8) -> 42 | AH8: 1 | AI8: 19 | AM8: 26.856773
A9: 8 | B9: Hoop | C9: sand | D9: no | E9: B | F9: 20 | G9: 2 | I9: 3 | K9: =F9*4 -> 80 | L9: =H9*4 -> 0 | M9: =I9*4 -> 12 | N9: =J9*4 -> 0 | O9: =M9+N9 -> 12 | P9: =SUM(L9:N9) -> 12 | S9: 13 | T9: 3 | U9: 7 | V9: 1 | W9: 1 | X9: 0.5 | Y9: 52 | Z9: 28 | AA9: 4 | AB9: 2 | AC9: 6 | AD9: =SUM(Z9:AB9) -> 34 | AH9: 0 | AI9: 23.5 | AM9: 15.51395
A10: 9 | B10: Hoop | C10: sand | D10: no | E10: B | F10: 19 | G10: 4 | I10: 2 | J10: 0.5 | K10: =F10*4 -> 76 | L10: =H10*4 -> 0 | M10: =I10*4 -> 8 | N10: =J10*4 -> 2 | O10: =M10+N10 -> 10 | P10: =SUM(L10:N10) -> 10 | S10: 12 | T10: 2 | U10: 5 | V10: 1 | W10: 4 | X10: 1 | Y10: 48 | Z10: 20 | AA10: 4 | AB10: 4 | AC10: 8 | AD10: =SUM(Z10:AB10) -> 28 | AH10: 0 | AI10: 22.5 | AM10: 22.760237
A11: 10 | B11: Hoop | C11: native | D11: no | E11: B | F11: 21 | G11: 2 | I11: 2 | J11: 0.5 | K11: =F11*4 -> 84 | L11: =H11*4 -> 0 | M11: =I11*4 -> 8 | N11: =J11*4 -> 2 | O11: =M11+N11 -> 10 | P11: =SUM(L11:N11) -> 10 | S11: 1 | T11: 3 | U11: 8 | V11: 4 | W11: 9 | X11: 0.5 | Y11: 4 | Z11: 32 | AA11: 16 | AB11: 2 | AC11: 18 | AD11: =SUM(Z11:AB11) -> 50 | AH11: 0 | AI11: 39 | AM11: 21.99933
A12: 11 | B12: Hoop | C12: sand | D12: J_scrape | E12: C | F12: 22 | G12: 3 | K12: =F12*4 -> 88 | L12: =H12*4 -> 0 | M12: =I12*4 -> 0 | N12: =J12*4 -> 0 | O12: =M12+N12 -> 0 | P12: =SUM(L12:N12) -> 0 | S12: 18 | T12: 1 | U12: 0 | V12: 0 | W12: 0 | X12: 0 | Y12: 72 | Z12: 0 | AA12: 0 | AB12: 0 | AC12: 0 | AD12: =SUM(Z12:AB12) -> 0 | AH12: 6 | AI12: 0 | AM12: 7.4506156
A13: 12 | B13: Hoop | C13: sand | D13: no | E13: C | F13: 24 | G13: 1 | K13: =F13*4 -> 96 | L13: =H13*4 -> 0 | M13: =I13*4 -> 0 | N13: =J13*4 -> 0 | O13: =M13+N13 -> 0 | P13: =SUM(L13:N13) -> 0 | S13: 24 | T13: 1 | U13: 0 | V13: 0 | W13: 0.5 | X13: 0 | Y13: 96 | Z13: 0 | AA13: 0 | AB13: 0 | AC13: 0 | AD13: =SUM(Z13:AB13) -> 0 | AH13: 0 | AI13: 0 | AM13: 1.7377691
A14: 13 | B14: Hoop | C14: sand | D14: J_direct | E14: B | F14: 21 | G14: 2 | I14: 2 | K14: =F14*4 -> 84 | L14: =H14*4 -> 0 | M14: =I14*4 -> 8 | N14: =J14*4 -> 0 | O14: =M14+N14 -> 8 | P14: =SUM(L14:N14) -> 8 | S14: 7 | T14: 1 | U14: 9 | V14: 5 | W14: 0 | X14: 1 | Y14: 28 | Z14: 36 | AA14: 20 | AB14: 4 | AC14: 24 | AD14: =SUM(Z14:AB14) -> 60 | AH14: 2 | AI14: 12 | AM14: 34.183097
A15: 14 | B15: Hoop | C15: native | D15: J_scrape | E15: B | F15: 20 | G15: 2 | I15: 3 | J15: 0.5 | K15: =F15*4 -> 80 | L15: =H15*4 -> 0 | M15: =I15*4 -> 12 | N15: =J15*4 -> 2 | O15: =M15+N15 -> 14 | P15: =SUM(L15:N15) -> 14 | S15: 11 | T15: 5 | U15: 3 | V15: 4 | W15: 0 | X15: 0.5 | Y15: 44 | Z15: 12 | AA15: 16 | AB15: 2 | AC15: 18 | AD15: =SUM(Z15:AB15) -> 30 | AH15: 2 | AI15: 12.5 | AM15: 19.504033
A16: 15 | B16: Hoop | C16: sand | D16: J_scrape | E16: B | F16: 24 | G16: 1 | I16: 0.5 | J16: 0.5 | K16: =F16*4 -> 96 | L16: =H16*4 -> 0 | M16: =I16*4 -> 2 | N16: =J16*4 -> 2 | O16: =M16+N16 -> 4 | P16: =SUM(L16:N16) -> 4 | S16: 7 | T16: 1 | U16: 14 | V16: 1 | W16: 0 | X16: 1 | Y16: 28 | Z16: 56 | AA16: 4 | AB16: 4 | AC16: 8 | AD16: =SUM(Z16:AB16) -> 64 | AH16: 1 | AI16: 5 | AM16: 33.057664
A17: 16 | B17: Hoop | C17: sand | D17: J_scrape | E17: B | F17: 21 | G17: 2 | I17: 2 | K17: =F17*4 -> 84 | L17: =H17*4 -> 0 | M17: =I17*4 -> 8 | N17: =J17*4 -> 0 | O17: =M17+N17 -> 8 | P17: =SUM(L17:N17) -> 8 | S17: 10 | T17: 3 | U17: 9 | V17: 0.5 | W17: 0 | X17: 0 | Y17: 40 | Z17: 36 | AA17: 2 | AB17: 0 | AC17: 2 | AD17: =SUM(Z17:AB17) -> 38 | AH17: 3 | AI17: 16 | AM17: 22.94943
A18: 17 | B18: Hoop | C18: sand | D18: J_direct | E18: B | F18: 21 | G18: 3 | I18: 1 | J18: 0.5 | K18: =F18*4 -> 84 | L18: =H18*4 -> 0 | M18: =I18*4 -> 4 | N18: =J18*4 -> 2 | O18: =M18+N18 -> 6 | P18: =SUM(L18:N18) -> 6 | S18: 10 | T18: 1 | U18: 13 | V18: 0.5 | W18: 0 | X18: 1 | Y18: 40 | Z18: 52 | AA18: 2 | AB18: 4 | AC18: 6 | AD18: =SUM(Z18:AB18) -> 58 | AH18: 0 | AI18: 18 | AM18: 31.853018
A19: 18 | B19: Hoop | C19: native | D19: J_direct | E19: B | F19: 16 | G19: 5 | I19: 4 | J19: 0.5 | K19: =F19*4 -> 64 | L19: =H19*4 -> 0 | M19: =I19*4 -> 16 | N19: =J19*4 -> 2 | O19: =M19+N19 -> 18 | P19: =SUM(L19:N19) -> 18 | S19: 4 | T19: 8 | U19: 8 | V19: 4 | W19: 0 | X19: 1 | Y19: 16 | Z19: 32 | AA19: 16 | AB19: 4 | AC19: 20 | AD19: =SUM(Z19:AB19) -> 52 | AH19: 0 | AI19: 17 | AJ19: 667.75749 | AK19: 789.70867 | AL19: 1201.2772 | AM19: 31.164108 | AN19: 18 | AO19: 8.479403 | AP19: 20.7807 | AQ19: 45.671934 | AR19: 667.75749 | AS19: 789.70867 | AT19: 83.20835 | AU19: 1201.2772 | AV19: 14.210583 | AW19: 55.9625
A20: 19 | B20: Hoop | C20: native | D20: no | E20: B | F20: 18 | G20: 5 | I20: 2 | J20: 0.5 | K20: =F20*4 -> 72 | L20: =H20*4 -> 0 | M20: =I20*4 -> 8 | N20: =J20*4 -> 2 | O20: =M20+N20 -> 10 | P20: =SUM(L20:N20) -> 10 | S20: 0 | T20: 6 | U20: 15 | V20: 2 | W20: 0 | X20: 2 | Y20: 0 | Z20: 60 | AA20: 8 | AB20: 8 | AC20: 16 | AD20: =SUM(Z20:AB20) -> 76 | AH20: 0 | AI20: 48.6 | AM20: 41.602164
A21: 20 | B21: Hoop | C21: sand | D21: J_scrape | E21: B | F21: 18 | G21: 5 | I21: 2 | K21: =F21*4 -> 72 | L21: =H21*4 -> 0 | M21: =I21*4 -> 8 | N21: =J21*4 -> 0 | O21: =M21+N21 -> 8 | P21: =SUM(L21:N21) -> 8 | S21: 14 | T21: 6 | U21: 1 | V21: 1 | W21: 0 | X21: 0.5 | Y21: 56 | Z21: 4 | AA21: 4 | AB21: 2 | AC21: 6 | AD21: =SUM(Z21:AB21) -> 10 | AH21: 3 | AI21: 18 | AM21: 5.8733246
A22: 21 | B22: Hoop | C22: sand | D22: J_direct | E22: C | F22: 23 | G22: 2 | K22: =F22*4 -> 92 | L22: =H22*4 -> 0 | M22: =I22*4 -> 0 | N22: =J22*4 -> 0 | O22: =M22+N22 -> 0 | P22: =SUM(L22:N22) -> 0 | S22: 13 | T22: 0 | U22: 0 | V22: 0 | W22: 0 | X22: 0 | Y22: 52 | Z22: 0 | AA22: 0 | AB22: 0 | AC22: 0 | AD22: =SUM(Z22:AB22) -> 0 | AH22: 12 | AI22: 0 | AM22: 17.426135
A23: 22 | B23: Hoop | C23: sand | D23: J_direct | E23: B | F23: 20 | G23: 4 | I23: 1 | J23: 0.5 | K23: =F23*4 -> 80 | L23: =H23*4 -> 0 | M23: =I23*4 -> 4 | N23: =J23*4 -> 2 | O23: =M23+N23 -> 6 | P23: =SUM(L23:N23) -> 6 | S23: 9 | T23: 1 | U23: 10 | V23: 1 | W23: 0 | X23: 0.5 | Y23: 36 | Z23: 40 | AA23: 4 | AB23: 2 | AC23: 6 | AD23: =SUM(Z23:AB23) -> 46 | AH23: 4 | AI23: 42.6 | AM23: 21.660895
A24: 23 | B24: Hoop | C24: native | D24: J_scrape | E24: B | F24: 18 | G24: 5 | I24: 2 | J24: 0.5 | K24: =F24*4 -> 72 | L24: =H24*4 -> 0 | M24: =I24*4 -> 8 | N24: =J24*4 -> 2 | O24: =M24+N24 -> 10 | P24: =SUM(L24:N24) -> 10 | S24: 4 | T24: 0 | U24: 17 | V24: 3 | W24: 0 | X24: 1 | Y24: 16 | Z24: 68 | AA24: 12 | AB24: 4 | AC24: 16 | AD24: =SUM(Z24:AB24) -> 84 | AH24: 0 | AI24: 21 | AM24: 74.137178
A25: 24 | B25: Hoop | C25: native | D25: no | E25: B | F25: 22 | G25: 1 | I25: 2 | J25: 0.5 | K25: =F25*4 -> 88 | L25: =H25*4 -> 0 | M25: =I25*4 -> 8 | N25: =J25*4 -> 2 | O25: =M25+N25 -> 10 | P25: =SUM(L25:N25) -> 10 | S25: 3 | T25: 1 | U25: 18 | V25: 3 | W25: 0.5 | X25: 0.5 | Y25: 12 | Z25: 72 | AA25: 12 | AB25: 2 | AC25: 14 | AD25: =SUM(Z25:AB25) -> 86 | AH25: 0 | AI25: 24.5 | AM25: 53.790378
A26: 25 | B26: Hoop | C26: native | D26: no | E26: B | F26: 16 | G26: 5 | I26: 4 | J26: 0.5 | K26: =F26*4 -> 64 | L26: =H26*4 -> 0 | M26: =I26*4 -> 16 | N26: =J26*4 -> 2 | O26: =M26+N26 -> 18 | P26: =SUM(L26:N26) -> 18 | S26: 6 | T26: 1 | U26: 14 | V26: 2 | W26: 0 | X26: 2 | Y26: 24 | Z26: 56 | AA26: 8 | AB26: 8 | AC26: 16 | AD26: =SUM(Z26:AB26) -> 72 | AH26: 0 | AI26: 50 | AM26: 39.623592
A27: 26 | B27: Hoop | C27: native | D27: J_scrape | E27: B | F27: 15 | G27: 5 | I27: 5 | J27: 0.5 | K27: =F27*4 -> 60 | L27: =H27*4 -> 0 | M27: =I27*4 -> 20 | N27: =J27*4 -> 2 | O27: =M27+N27 -> 22 | P27: =SUM(L27:N27) -> 22 | S27: 0 | T27: 4 | U27: 16 | V27: 3 | W27: 0 | X27: 2 | Y27: 0 | Z27: 64 | AA27: 12 | AB27: 8 | AC27: 20 | AD27: =SUM(Z27:AB27) -> 84 | AH27: 0.5 | AI27: 33.5 | AM27: 23.44174
A28: 27 | B28: Hoop | C28: sand | D28: J_direct | E28: B | F28: 21 | I28: 4 | J28: 0.5 | K28: =F28*4 -> 84 | L28: =H28*4 -> 0 | M28: =I28*4 -> 16 | N28: =J28*4 -> 2 | O28: =M28+N28 -> 18 | P28: =SUM(L28:N28) -> 18 | S28: 7 | T28: 1 | U28: 10 | V28: 2 | W28: 0 | X28: 0.5 | Y28: 28 | Z28: 40 | AA28: 8 | AB28: 2 | AC28: 10 | AD28: =SUM(Z28:AB28) -> 50 | AH28: 5 | AI28: 15 | AM28: 24.913906
A29: 28 | B29: Hoop | C29: native | D29: no | E29: B | F29: 21 | G29: 3 | I29: 1 | J29: 0.5 | K29: =F29*4 -> 84 | L29: =H29*4 -> 0 | M29: =I29*4 -> 4 | N29: =J29*4 -> 2 | O29: =M29+N29 -> 6 | P29: =SUM(L29:N29) -> 6 | S29: 5 | T29: 0 | U29: 13 | V29: 2 | W29: 5 | X29: 0.5 | Y29: 20 | Z29: 52 | AA29: 8 | AB29: 2 | AC29: 10 | AD29: =SUM(Z29:AB29) -> 62 | AH29: 0 | AI29: 21 | AM29: 19.350477
A30: 29 | B30: Hoop | C30: sand | D30: no | E30: B | F30: 22 | G30: 2 | I30: 1 | J30: 0.5 | K30: =F30*4 -> 88 | L30: =H30*4 -> 0 | M30: =I30*4 -> 4 | N30: =J30*4 -> 2 | O30: =M30+N30 -> 6 | P30: =SUM(L30:N30) -> 6 | S30: 12 | T30: 0 | U30: 10 | V30: 2 | W30: 0 | X30: 1 | Y30: 48 | Z30: 40 | AA30: 8 | AB30: 4 | AC30: 12 | AD30: =SUM(Z30:AB30) -> 52 | AH30: 0 | AI30: 35 | AM30: 33.116157
A31: 30 | B31: Hoop | C31: native | D31: J_direct | E31: B | F31: 23 | G31: 2 | I31: 0.5 | J31: 0.5 | K31: =F31*4 -> 92 | L31: =H31*4 -> 0 | M31: =I31*4 -> 2 | N31: =J31*4 -> 2 | O31: =M31+N31 -> 4 | P31: =SUM(L31:N31) -> 4 | S31: 6 | T31: 2 | U31: 11 | V31: 3 | W31: 0 | X31: 1 | Y31: 24 | Z31: 44 | AA31: 12 | AB31: 4 | AC31: 16 | AD31: =SUM(Z31:AB31) -> 60 | AH31: 2 | AI31: 22 | AJ31: 202.56229 | AK31: 259.4147 | AL31: 387.40488 | AM31: 19.451977 | AN31: 30 | AO31: 8.7100693 | AP31: 21.526867 | AQ31: 47.055932 | AR31: 202.56229 | AS31: 259.4147 | AT31: 91.92445 | AU31: 387.40488 | AV31: 15.663267 | AW31: 60.4395
A32: 31 | B32: Hoop | C32: sand | D32: no | E32: B | F32: 20 | G32: 2 | I32: 3 | K32: =F32*4 -> 80 | L32: =H32*4 -> 0 | M32: =I32*4 -> 12 | N32: =J32*4 -> 0 | O32: =M32+N32 -> 12 | P32: =SUM(L32:N32) -> 12 | S32: 14 | T32: 0 | U32: 10 | V32: 0 | W32: 0 | X32: 1 | Y32: 56 | Z32: 40 | AA32: 0 | AB32: 4 | AC32: 4 | AD32: =SUM(Z32:AB32) -> 44 | AH32: 0 | AI32: 23.5 | AM32: 39.009004
A33: 32 | B33: Hoop | C33: native | D33: J_direct | E33: B | F33: 21 | G33: 4 | I33: 0.5 | K33: =F33*4 -> 84 | L33: =H33*4 -> 0 | M33: =I33*4 -> 2 | N33: =J33*4 -> 0 | O33: =M33+N33 -> 2 | P33: =SUM(L33:N33) -> 2 | S33: 4 | T33: 6 | U33: 12 | V33: 0.5 | W33: 0 | X33: 0.5 | Y33: 16 | Z33: 48 | AA33: 2 | AB33: 2 | AC33: 4 | AD33: =SUM(Z33:AB33) -> 52 | AH33: 3 | AI33: 7 | AJ33: 123.05353 | AK33: 263.41043 | AL33: 299.09925 | AM33: 21.471923 | AN33: 32 | AO33: 5.118265 | AP33: 20.543283 | AQ33: 25.505106 | AR33: 123.05353 | AS33: 263.41043 | AT33: 61.92485 | AU33: 299.09925 | AV33: 10.663333 | AW33: 54.538
A34: 33 | B34: Hoop | C34: native | D34: J_direct | E34: B | F34: 14 | G34: 8 | I34: 3 | J34: 0.5 | K34: =F34*4 -> 56 | L34: =H34*4 -> 0 | M34: =I34*4 -> 12 | N34: =J34*4 -> 2 | O34: =M34+N34 -> 14 | P34: =SUM(L34:N34) -> 14 | S34: 1 | T34: 2 | U34: 17 | V34: 1 | W34: 0 | X34: 2 | Y34: 4 | Z34: 68 | AA34: 4 | AB34: 8 | AC34: 12 | AD34: =SUM(Z34:AB34) -> 80 | AH34: 2 | AI34: 9.5 | AJ34: 197.75146 | AK34: 210.74629 | AL34: 369.55458 | AM34: 29.190138 | AN34: 33 | AO34: 8.083975 | AP34: 19.186617 | AQ34: 43.299366 | AR34: 197.75146 | AS34: 210.74629 | AT34: 81.38405 | AU34: 369.55458 | AV34: 13.906533 | AW34: 46.398
A35: 34 | B35: Hoop | C35: native | D35: J_scrape | E35: B | F35: 16 | G35: 5 | I35: 4 | K35: =F35*4 -> 64 | L35: =H35*4 -> 0 | M35: =I35*4 -> 16 | N35: =J35*4 -> 0 | O35: =M35+N35 -> 16 | P35: =SUM(L35:N35) -> 16 | S35: 0 | T35: 3 | U35: 19 | V35: 2 | W35: 0 | X35: 1 | Y35: 0 | Z35: 76 | AA35: 8 | AB35: 4 | AC35: 12 | AD35: =SUM(Z35:AB35) -> 88 | AH35: 0.5 | AI35: 17 | AM35: 37.019525
A36: 35 | B36: Hoop | C36: native | D36: J_scrape | E36: C | F36: 21 | G36: 4 | K36: =F36*4 -> 84 | L36: =H36*4 -> 0 | M36: =I36*4 -> 0 | N36: =J36*4 -> 0 | O36: =M36+N36 -> 0 | P36: =SUM(L36:N36) -> 0 | S36: 17 | T36: 3 | U36: 1 | V36: 0 | W36: 0 | X36: 0 | Y36: 68 | Z36: 4 | AA36: 0 | AB36: 0 | AC36: 0 | AD36: =SUM(Z36:AB36) -> 4 | AH36: 4 | AI36: 0 | AM36: 13.417636
A37: 36 | B37: Hoop | C37: sand | D37: J_scrape | E37: B | F37: 18 | G37: 4 | I37: 3 | K37: =F37*4 -> 72 | L37: =H37*4 -> 0 | M37: =I37*4 -> 12 | N37: =J37*4 -> 0 | O37: =M37+N37 -> 12 | P37: =SUM(L37:N37) -> 12 | S37: 6 | T37: 0 | U37: 15 | V37: 2 | W37: 0 | X37: 2 | Y37: 24 | Z37: 60 | AA37: 8 | AB37: 8 | AC37: 16 | AD37: =SUM(Z37:AB37) -> 76 | AH37: 0 | AI37: 8.5 | AM37: 61.222602
A38: 37 | B38: Quesadilla | C38: native | D38: J_scrape | E38: B | F38: 15 | G38: 3 | I38: 7 | K38: =F38*4 -> 60 | L38: =H38*4 -> 0 | M38: =I38*4 -> 28 | N38: =J38*4 -> 0 | O38: =M38+N38 -> 28 | P38: =SUM(L38:N38) -> 28 | S38: 0 | T38: 0 | U38: 22 | V38: 2 | W38: 0 | X38: 1 | Y38: 0 | Z38: 88 | AA38: 8 | AB38: 4 | AC38: 12 | AD38: =SUM(Z38:AB38) -> 100 | AH38: 0 | AI38: 57.5 | AM38: 48.335581
A39: 38 | B39: Quesadilla | C39: native | D39: no | E39: B | F39: 19 | G39: 2 | I39: 4 | K39: =F39*4 -> 76 | L39: =H39*4 -> 0 | M39: =I39*4 -> 16 | N39: =J39*4 -> 0 | O39: =M39+N39 -> 16 | P39: =SUM(L39:N39) -> 16 | S39: 0 | T39: 0 | U39: 20 | V39: 4 | W39: 0 | X39: 1 | Y39: 0 | Z39: 80 | AA39: 16 | AB39: 4 | AC39: 20 | AD39: =SUM(Z39:AB39) -> 100 | AH39: 0 | AI39: 72.5 | AM39: 53.918509
A40: 39 | B40: Quesadilla | C40: native | D40: no | E40: B | F40: 19 | G40: 4 | I40: 2 | K40: =F40*4 -> 76 | L40: =H40*4 -> 0 | M40: =I40*4 -> 8 | N40: =J40*4 -> 0 | O40: =M40+N40 -> 8 | P40: =SUM(L40:N40) -> 8 | S40: 1 | T40: 1 | U40: 17 | V40: 6 | W40: 0 | X40: 0.5 | Y40: 4 | Z40: 68 | AA40: 24 | AB40: 2 | AC40: 26 | AD40: =SUM(Z40:AB40) -> 94 | AH40: 0 | AI40: 63 | AM40: 43.719934
A41: 40 | B41: Quesadilla | C41: native | D41: J_scrape | E41: C | F41: 19 | G41: 6 | K41: =F41*4 -> 76 | L41: =H41*4 -> 0 | M41: =I41*4 -> 0 | N41: =J41*4 -> 0 | O41: =M41+N41 -> 0 | P41: =SUM(L41:N41) -> 0 | S41: 8 | T41: 16 | U41: 0 | V41: 0 | W41: 0 | X41: 0 | Y41: 32 | Z41: 0 | AA41: 0 | AB41: 0 | AC41: 0 | AD41: =SUM(Z41:AB41) -> 0 | AH41: 1 | AI41: 0 | AM41: 5.2450549
A42: 41 | B42: Quesadilla | C42: native | D42: no | E42: C | F42: 14 | G42: 11 | K42: =F42*4 -> 56 | L42: =H42*4 -> 0 | M42: =I42*4 -> 0 | N42: =J42*4 -> 0 | O42: =M42+N42 -> 0 | P42: =SUM(L42:N42) -> 0 | S42: 14 | T42: 11 | U42: 0 | V42: 0 | W42: 0.5 | X42: 0 | Y42: 56 | Z42: 0 | AA42: 0 | AB42: 0 | AC42: 0 | AD42: =SUM(Z42:AB42) -> 0 | AH42: 0 | AI42: 0 | AM42: 18.686313
A43: 42 | B43: Quesadilla | C43: sand | D43: J_scrape | E43: B | F43: 20 | G43: 3 | I43: 2 | J43: 0.5 | K43: =F43*4 -> 80 | L43: =H43*4 -> 0 | M43: =I43*4 -> 8 | N43: =J43*4 -> 2 | O43: =M43+N43 -> 10 | P43: =SUM(L43:N43) -> 10 | S43: 11 | T43: 0 | U43: 9 | V43: 3 | W43: 0 | X43: 2 | Y43: 44 | Z43: 36 | AA43: 12 | AB43: 8 | AC43: 20 | AD43: =SUM(Z43:AB43) -> 56 | AH43: 0 | AI43: 47.5 | AM43: 34.536638
A44: 43 | B44: Quesadilla | C44: native | D44: J_direct | E44: B | F44: 18 | G44: 4 | I44: 3 | J44: 0.5 | K44: =F44*4 -> 72 | L44: =H44*4 -> 0 | M44: =I44*4 -> 12 | N44: =J44*4 -> 2 | O44: =M44+N44 -> 14 | P44: =SUM(L44:N44) -> 14 | S44: 2 | T44: 1 | U44: 16 | V44: 2 | W44: 0 | X44: 3 | Y44: 8 | Z44: 64 | AA44: 8 | AB44: 12 | AC44: 20 | AD44: =SUM(Z44:AB44) -> 84 | AH44: 1 | AI44: 32 | AJ44: 335.94295 | AK44: 319.23439 | AL44: 434.76721 | AM44: 21.562402 | AN44: 43 | AO44: 12.697302 | AP44: 22.680033 | AQ44: 70.979326 | AR44: 335.94295 | AS44: 319.23439 | AT44: 91.92445 | AU44: 434.76721 | AV44: 15.663267 | AW44: 67.3585
A45: 44 | B45: Quesadilla | C45: sand | D45: J_direct | E45: B | F45: 21 | I45: 4 | J45: 0.5 | K45: =F45*4 -> 84 | L45: =H45*4 -> 0 | M45: =I45*4 -> 16 | N45: =J45*4 -> 2 | O45: =M45+N45 -> 18 | P45: =SUM(L45:N45) -> 18 | S45: 0 | T45: 0 | U45: 22 | V45: 3 | W45: 0 | X45: 0.5 | Y45: 0 | Z45: 88 | AA45: 12 | AB45: 2 | AC45: 14 | AD45: =SUM(Z45:AB45) -> 102 | AH45: 0 | AI45: 47.5 | AM45: 57.905126
A46: 45 | B46: Quesadilla | C46: native | D46: J_scrape | E46: B | F46: 24 | I46: 1 | J46: 0.5 | K46: =F46*4 -> 96 | L46: =H46*4 -> 0 | M46: =I46*4 -> 4 | N46: =J46*4 -> 2 | O46: =M46+N46 -> 6 | P46: =SUM(L46:N46) -> 6 | S46: 2 | T46: 1 | U46: 21 | V46: 1 | W46: 0 | X46: 0.5 | Y46: 8 | Z46: 84 | AA46: 4 | AB46: 2 | AC46: 6 | AD46: =SUM(Z46:AB46) -> 90 | AH46: 0 | AI46: 59 | AM46: 54.815543
A47: 46 | B47: Quesadilla | C47: native | D47: J_scrape | E47: B | F47: 18 | G47: 5 | I47: 2 | K47: =F47*4 -> 72 | L47: =H47*4 -> 0 | M47: =I47*4 -> 8 | N47: =J47*4 -> 0 | O47: =M47+N47 -> 8 | P47: =SUM(L47:N47) -> 8 | S47: 2 | T47: 2 | U47: 18 | V47: 1 | W47: 0 | X47: 2 | Y47: 8 | Z47: 72 | AA47: 4 | AB47: 8 | AC47: 12 | AD47: =SUM(Z47:AB47) -> 84 | AH47: 0 | AI47: 48 | AM47: 65.382218
A48: 47 | B48: Quesadilla | C48: sand | D48: J_scrape | E48: C | F48: 25 | K48: =F48*4 -> 100 | L48: =H48*4 -> 0 | M48: =I48*4 -> 0 | N48: =J48*4 -> 0 | O48: =M48+N48 -> 0 | P48: =SUM(L48:N48) -> 0 | S48: 22 | T48: 0 | U48: 0 | V48: 0 | W48: 0 | X48: 0 | Y48: 88 | Z48: 0 | AA48: 0 | AB48: 0 | AC48: 0 | AD48: =SUM(Z48:AB48) -> 0 | AH48: 3 | AI48: 0 | AM48: 8.9623897
A49: 48 | B49: Quesadilla | C49: sand | D49: no | E49: B | F49: 16 | G49: 4 | I49: 5 | K49: =F49*4 -> 64 | L49: =H49*4 -> 0 | M49: =I49*4 -> 20 | N49: =J49*4 -> 0 | O49: =M49+N49 -> 20 | P49: =SUM(L49:N49) -> 20 | S49: 1 | T49: 0 | U49: 21 | V49: 2 | W49: 0 | X49: 1 | Y49: 4 | Z49: 84 | AA49: 8 | AB49: 4 | AC49: 12 | AD49: =SUM(Z49:AB49) -> 96 | AH49: 0 | AI49: 58 | AM49: 22.40757
A50: 49 | B50: Quesadilla | C50: sand | D50: J_direct | E50: B | F50: 20 | G50: 3 | I50: 2 | K50: =F50*4 -> 80 | L50: =H50*4 -> 0 | M50: =I50*4 -> 8 | N50: =J50*4 -> 0 | O50: =M50+N50 -> 8 | P50: =SUM(L50:N50) -> 8 | S50: 1 | T50: 0 | U50: 21 | V50: 3 | W50: 0 | X50: 0.5 | Y50: 4 | Z50: 84 | AA50: 12 | AB50: 2 | AC50: 14 | AD50: =SUM(Z50:AB50) -> 98 | AH50: 0 | AI50: 61 | AM50: 29.882834
A51: 50 | B51: Quesadilla | C51: native | D51: J_direct | E51: B | F51: 20 | I51: 5 | K51: =F51*4 -> 80 | L51: =H51*4 -> 0 | M51: =I51*4 -> 20 | N51: =J51*4 -> 0 | O51: =M51+N51 -> 20 | P51: =SUM(L51:N51) -> 20 | S51: 1 | T51: 3 | U51: 18 | V51: 3 | W51: 0 | X51: 0.5 | Y51: 4 | Z51: 72 | AA51: 12 | AB51: 2 | AC51: 14 | AD51: =SUM(Z51:AB51) -> 86 | AH51: 0 | AI51: 45.5 | AJ51: 369.93843 | AK51: 458.97213 | AL51: 600.25769 | AM51: 34.966874 | AN51: 50 | AO51: 14.279014 | AP51: 28.1067 | AQ51: 80.469598 | AR51: 369.93843 | AS51: 458.97213 | AT51: 130.23475 | AU51: 600.25769 | AV51: 22.048317 | AW51: 99.9185
A52: 51 | B52: Quesadilla | C52: native | D52: J_direct | E52: B | F52: 18 | G52: 4 | I52: 3 | J52: 0.5 | K52: =F52*4 -> 72 | L52: =H52*4 -> 0 | M52: =I52*4 -> 12 | N52: =J52*4 -> 2 | O52: =M52+N52 -> 14 | P52: =SUM(L52:N52) -> 14 | S52: 2 | T52: 1 | U52: 17 | V52: 3 | W52: 0 | X52: 2 | Y52: 8 | Z52: 68 | AA52: 12 | AB52: 8 | AC52: 20 | AD52: =SUM(Z52:AB52) -> 88 | AH52: 0 | AI52: 31 | AJ52: 161.49789 | AK52: 225.90835 | AL52: 334.19666 | AM52: 28.522018 | AN52: 51 | AO52: 6.502263 | AP52: 19.322283 | AQ52: 33.809094 | AR52: 161.49789 | AS52: 225.90835 | AT52: 70.03285 | AU52: 334.19666 | AV52: 12.014667 | AW52: 47.212
A53: 52 | B53: Quesadilla | C53: native | D53: J_scrape | E53: B | F53: 20 | G53: 4 | I53: 1 | J53: 0.5 | K53: =F53*4 -> 80 | L53: =H53*4 -> 0 | M53: =I53*4 -> 4 | N53: =J53*4 -> 2 | O53: =M53+N53 -> 6 | P53: =SUM(L53:N53) -> 6 | S53: 6 | T53: 3 | U53: 13 | V53: 3 | W53: 0 | X53: 0.5 | Y53: 24 | Z53: 52 | AA53: 12 | AB53: 2 | AC53: 14 | AD53: =SUM(Z53:AB53) -> 66 | AH53: 0 | AI53: 43 | AM53: 26.033492
A54: 53 | B54: Quesadilla | C54: native | D54: J_direct | E54: C | F54: 15 | G54: 9 | I54: 1 | K54: =F54*4 -> 60 | L54: =H54*4 -> 0 | M54: =I54*4 -> 4 | N54: =J54*4 -> 0 | O54: =M54+N54 -> 4 | P54: =SUM(L54:N54) -> 4 | S54: 20 | T54: 1 | U54: 1 | V54: 0 | W54: 0 | X54: 0 | Y54: 80 | Z54: 4 | AA54: 0 | AB54: 0 | AC54: 0 | AD54: =SUM(Z54:AB54) -> 4 | AH54: 3 | AI54: 0 | AM54: 12.346287
A55: 54 | B55: Quesadilla | C55: sand | D55: no | E55: B | F55: 21 | G55: 4 | J55: 0.5 | K55: =F55*4 -> 84 | L55: =H55*4 -> 0 | M55: =I55*4 -> 0 | N55: =J55*4 -> 2 | O55: =M55+N55 -> 2 | P55: =SUM(L55:N55) -> 2 | S55: 2 | T55: 1 | U55: 18 | V55: 4 | W55: 0 | X55: 0.5 | Y55: 8 | Z55: 72 | AA55: 16 | AB55: 2 | AC55: 18 | AD55: =SUM(Z55:AB55) -> 90 | AH55: 0 | AI55: 45.5 | AM55: 50.983212
A56: 55 | B56: Quesadilla | C56: sand | D56: J_direct | E56: C | F56: 23 | G56: 2 | K56: =F56*4 -> 92 | L56: =H56*4 -> 0 | M56: =I56*4 -> 0 | N56: =J56*4 -> 0 | O56: =M56+N56 -> 0 | P56: =SUM(L56:N56) -> 0 | S56: 24 | T56: 0 | U56: 0 | V56: 0 | W56: 0 | X56: 0 | Y56: 96 | Z56: 0 | AA56: 0 | AB56: 0 | AC56: 0 | AD56: =SUM(Z56:AB56) -> 0 | AH56: 1 | AI56: 0 | AM56: 10.992042
A57: 56 | B57: Quesadilla | C57: sand | D57: J_direct | E57: B | F57: 20 | G57: 1 | I57: 4 | J57: 0.5 | K57: =F57*4 -> 80 | L57: =H57*4 -> 0 | M57: =I57*4 -> 16 | N57: =J57*4 -> 2 | O57: =M57+N57 -> 18 | P57: =SUM(L57:N57) -> 18 | S57: 1 | T57: 0 | U57: 20 | V57: 3 | W57: 0 | X57: 1 | Y57: 4 | Z57: 80 | AA57: 12 | AB57: 4 | AC57: 16 | AD57: =SUM(Z57:AB57) -> 96 | AH57: 0 | AI57: 17 | AM57: 39.687805
A58: 57 | B58: Quesadilla | C58: native | D58: J_scrape | E58: B | F58: 20 | G58: 2 | I58: 3 | J58: 0.5 | K58: =F58*4 -> 80 | L58: =H58*4 -> 0 | M58: =I58*4 -> 12 | N58: =J58*4 -> 2 | O58: =M58+N58 -> 14 | P58: =SUM(L58:N58) -> 14 | S58: 1 | T58: 5 | U58: 16 | V58: 2 | W58: 0 | X58: 1 | Y58: 4 | Z58: 64 | AA58: 8 | AB58: 4 | AC58: 12 | AD58: =SUM(Z58:AB58) -> 76 | AH58: 0 | AI58: 39 | AM58: 40.678474
A59: 58 | B59: Quesadilla | C59: native | D59: no | E59: B | F59: 12 | G59: 8 | I59: 5 | K59: =F59*4 -> 48 | L59: =H59*4 -> 0 | M59: =I59*4 -> 20 | N59: =J59*4 -> 0 | O59: =M59+N59 -> 20 | P59: =SUM(L59:N59) -> 20 | S59: 2 | T59: 1 | U59: 16 | V59: 5 | W59: 0 | X59: 1 | Y59: 8 | Z59: 64 | AA59: 20 | AB59: 4 | AC59: 24 | AD59: =SUM(Z59:AB59) -> 88 | AH59: 0 | AI59: 58 | AM59: 35.938545
A60: 59 | B60: Quesadilla | C60: sand | D60: no | E60: B | F60: 19 | G60: 3 | I60: 3 | J60: 0.5 | K60: =F60*4 -> 76 | L60: =H60*4 -> 0 | M60: =I60*4 -> 12 | N60: =J60*4 -> 2 | O60: =M60+N60 -> 14 | P60: =SUM(L60:N60) -> 14 | S60: 3 | T60: 0 | U60: 20 | V60: 2 | W60: 0 | X60: 0.5 | Y60: 12 | Z60: 80 | AA60: 8 | AB60: 2 | AC60: 10 | AD60: =SUM(Z60:AB60) -> 90 | AH60: 0 | AI60: 63 | AM60: 36.797361
A61: 60 | B61: Quesadilla | C61: sand | D61: J_scrape | E61: B | F61: 14 | G61: 5 | I61: 6 | J61: 0.5 | K61: =F61*4 -> 56 | L61: =H61*4 -> 0 | M61: =I61*4 -> 24 | N61: =J61*4 -> 2 | O61: =M61+N61 -> 26 | P61: =SUM(L61:N61) -> 26 | S61: 0 | T61: 1 | U61: 23 | V61: 1 | W61: 0 | X61: 0.5 | Y61: 0 | Z61: 92 | AA61: 4 | AB61: 2 | AC61: 6 | AD61: =SUM(Z61:AB61) -> 98 | AH61: 0 | AI61: 51 | AM61: 18.969942
A62: 61 | B62: Quesadilla | C62: sand | D62: J_direct | E62: B | F62: 18 | G62: 2 | I62: 5 | J62: 0.5 | K62: =F62*4 -> 72 | L62: =H62*4 -> 0 | M62: =I62*4 -> 20 | N62: =J62*4 -> 2 | O62: =M62+N62 -> 22 | P62: =SUM(L62:N62) -> 22 | S62: 0 | T62: 0 | U62: 23 | V62: 1 | W62: 1 | X62: 0 | Y62: 0 | Z62: 92 | AA62: 4 | AB62: 0 | AC62: 4 | AD62: =SUM(Z62:AB62) -> 96 | AH62: 0 | AI62: 44 | AM62: 19.511317
A63: 62 | B63: Quesadilla | C63: native | D63: no | E63: B | F63: 17 | G63: 5 | I63: 3 | J63: 0.5 | K63: =F63*4 -> 68 | L63: =H63*4 -> 0 | M63: =I63*4 -> 12 | N63: =J63*4 -> 2 | O63: =M63+N63 -> 14 | P63: =SUM(L63:N63) -> 14 | S63: 0 | T63: 0 | U63: 24 | V63: 1 | W63: 0.5 | X63: 0 | Y63: 0 | Z63: 96 | AA63: 4 | AB63: 0 | AC63: 4 | AD63: =SUM(Z63:AB63) -> 100 | AH63: 0 | AI63: 55 | AM63: 20.077708
A64: 63 | B64: Quesadilla | C64: sand | D64: J_direct | E64: B | F64: 20 | G64: 2 | I64: 3 | K64: =F64*4 -> 80 | L64: =H64*4 -> 0 | M64: =I64*4 -> 12 | N64: =J64*4 -> 0 | O64: =M64+N64 -> 12 | P64: =SUM(L64:N64) -> 12 | S64: 0 | T64: 0 | U64: 23 | V64: 2 | W64: 0.5 | X64: 0 | Y64: 0 | Z64: 92 | AA64: 8 | AB64: 0 | AC64: 8 | AD64: =SUM(Z64:AB64) -> 100 | AH64: 0 | AI64: 48 | AM64: 18.257578
A65: 64 | B65: Quesadilla | C65: native | D65: J_direct | E65: B | F65: 15 | G65: 5 | I65: 5 | K65: =F65*4 -> 60 | L65: =H65*4 -> 0 | M65: =I65*4 -> 20 | N65: =J65*4 -> 0 | O65: =M65+N65 -> 20 | P65: =SUM(L65:N65) -> 20 | S65: 2 | T65: 2 | U65: 20 | V65: 1 | W65: 0.5 | X65: 0 | Y65: 8 | Z65: 80 | AA65: 4 | AB65: 0 | AC65: 4 | AD65: =SUM(Z65:AB65) -> 84 | AH65: 0 | AI65: 21 | AJ65: 493.83242 | AK65: 736.47988 | AL65: 896.51196 | AM65: 11.947167 | AN65: 64 | AO65: 17.870818 | AP65: 36.823283 | AQ65: 102.02042 | AR65: 493.83242 | AS65: 736.47988 | AT65: 184.55835 | AU65: 896.51196 | AV65: 31.10225 | AW65: 152.218
A66: 65 | B66: Quesadilla | C66: sand | D66: J_scrape | E66: B | F66: 20 | G66: 3 | I66: 2 | J66: 0.5 | K66: =F66*4 -> 80 | L66: =H66*4 -> 0 | M66: =I66*4 -> 8 | N66: =J66*4 -> 2 | O66: =M66+N66 -> 10 | P66: =SUM(L66:N66) -> 10 | S66: 4 | T66: 0 | U66: 20 | V66: 0.5 | W66: 0.5 | X66: 0 | Y66: 16 | Z66: 80 | AA66: 2 | AB66: 0 | AC66: 2 | AD66: =SUM(Z66:AB66) -> 82 | AH66: 0 | AI66: 72.5 | AM66: 53.378634
A67: 66 | B67: Quesadilla | C67: sand | D67: J_scrape | E67: B | F67: 19 | G67: 3 | I67: 3 | K67: =F67*4 -> 76 | L67: =H67*4 -> 0 | M67: =I67*4 -> 12 | N67: =J67*4 -> 0 | O67: =M67+N67 -> 12 | P67: =SUM(L67:N67) -> 12 | S67: 0 | T67: 0 | U67: 23 | V67: 2 | W67: 0.5 | X67: 0 | Y67: 0 | Z67: 92 | AA67: 8 | AB67: 0 | AC67: 8 | AD67: =SUM(Z67:AB67) -> 100 | AH67: 0 | AI67: 55.5 | AM67: 37.317822
A68: 67 | B68: Quesadilla | C68: sand | D68: no | E68: B | F68: 22 | G68: 2 | I68: 1 | K68: =F68*4 -> 88 | L68: =H68*4 -> 0 | M68: =I68*4 -> 4 | N68: =J68*4 -> 0 | O68: =M68+N68 -> 4 | P68: =SUM(L68:N68) -> 4 | S68: 0 | T68: 0 | U68: 21 | V68: 3 | W68: 1 | X68: 0 | Y68: 0 | Z68: 84 | AA68: 12 | AB68: 0 | AC68: 12 | AD68: =SUM(Z68:AB68) -> 96 | AH68: 0 | AI68: 35 | AM68: 33.645467
A69: 68 | B69: Quesadilla | C69: native | D69: no | E69: B | F69: 15 | G69: 6 | I69: 4 | K69: =F69*4 -> 60 | L69: =H69*4 -> 0 | M69: =I69*4 -> 16 | N69: =J69*4 -> 0 | O69: =M69+N69 -> 16 | P69: =SUM(L69:N69) -> 16 | S69: 0 | T69: 0 | U69: 22 | V69: 2 | W69: 1 | X69: 0 | Y69: 0 | Z69: 88 | AA69: 8 | AB69: 0 | AC69: 8 | AD69: =SUM(Z69:AB69) -> 96 | AH69: 0 | AI69: 90 | AM69: 37.032956
A70: 69 | B70: Quesadilla | C70: sand | D70: no | E70: B | F70: 20 | G70: 1 | I70: 4 | J70: 0.5 | K70: =F70*4 -> 80 | L70: =H70*4 -> 0 | M70: =I70*4 -> 16 | N70: =J70*4 -> 2 | O70: =M70+N70 -> 18 | P70: =SUM(L70:N70) -> 18 | S70: 0 | T70: 0 | U70: 22 | V70: 2 | W70: 1 | X70: 0 | Y70: 0 | Z70: 88 | AA70: 8 | AB70: 0 | AC70: 8 | AD70: =SUM(Z70:AB70) -> 96 | AH70: 0 | AI70: 47 | AM70: 25.569403
A71: 70 | B71: Quesadilla | C71: sand | D71: J_scrape | E71: B | F71: 21 | G71: 1 | I71: 3 | J71: 0.5 | K71: =F71*4 -> 84 | L71: =H71*4 -> 0 | M71: =I71*4 -> 12 | N71: =J71*4 -> 2 | O71: =M71+N71 -> 14 | P71: =SUM(L71:N71) -> 14 | S71: 1 | T71: 0 | U71: 20 | V71: 3 | W71: 1 | X71: 0 | Y71: 4 | Z71: 80 | AA71: 12 | AB71: 0 | AC71: 12 | AD71: =SUM(Z71:AB71) -> 92 | AH71: 0 | AI71: 55 | AM71: 30.503589
A72: 71 | B72: Quesadilla | C72: native | D72: J_direct | E72: B | F72: 16 | G72: 3 | I72: 6 | J72: 0.5 | K72: =F72*4 -> 64 | L72: =H72*4 -> 0 | M72: =I72*4 -> 24 | N72: =J72*4 -> 2 | O72: =M72+N72 -> 26 | P72: =SUM(L72:N72) -> 26 | S72: 0 | T72: 2 | U72: 22 | V72: 1 | W72: 0.5 | X72: 0 | Y72: 0 | Z72: 88 | AA72: 4 | AB72: 0 | AC72: 4 | AD72: =SUM(Z72:AB72) -> 92 | AH72: 0 | AI72: 25.5 | AJ72: 333.53723 | AK72: 235.54119 | AL72: 422.25274 | AM72: 37.809067 | AN72: 71 | AO72: 13.685872 | AP72: 20.339783 | AQ72: 76.910746 | AR72: 333.53723 | AS72: 235.54119 | AT72: 97.60005 | AU72: 422.25274 | AV72: 16.6092 | AW72: 53.317
A73: 72 | B73: Quesadilla | C73: sand | D73: no | E73: C | F73: 24 | G73: 1 | K73: =F73*4 -> 96 | L73: =H73*4 -> 0 | M73: =I73*4 -> 0 | N73: =J73*4 -> 0 | O73: =M73+N73 -> 0 | P73: =SUM(L73:N73) -> 0 | S73: 25 | T73: 0 | U73: 0 | V73: 0 | W73: 0 | X73: 0 | Y73: 100 | Z73: 0 | AA73: 0 | AB73: 0 | AC73: 0 | AD73: =SUM(Z73:AB73) -> 0 | AH73: 0 | AI73: 0 | AM73: 1.9931369
A74: 73 | B74: GH | C74: native | D74: no | E74: C | F74: 12 | G74: 13 | K74: =F74*4 -> 48 | L74: =H74*4 -> 0 | M74: =I74*4 -> 0 | N74: =J74*4 -> 0 | O74: =M74+N74 -> 0 | P74: =SUM(L74:N74) -> 0 | S74: 19 | T74: 2 | U74: 4 | Y74: 76 | Z74: 16 | AA74: 0 | AB74: 0 | AC74: 0 | AD74: =SUM(Z74:AB74) -> 16 | AI74: 0 | AM74: 25.385529
A75: 74 | B75: GH | C75: sand | D75: J_direct | E75: B | F75: 16 | G75: 6 | I75: 3 | K75: =F75*4 -> 64 | L75: =H75*4 -> 0 | M75: =I75*4 -> 12 | N75: =J75*4 -> 0 | O75: =M75+N75 -> 12 | P75: =SUM(L75:N75) -> 12 | S75: 0.5 | T75: 2 | U75: 15 | V75: 3 | X75: 5 | Y75: 2 | Z75: 60 | AA75: 12 | AB75: 20 | AC75: 32 | AD75: =SUM(Z75:AB75) -> 92 | AH75: 0.5 | AI75: 3 | AM75: 38.946842
A76: 75 | B76: GH | C76: sand | D76: J_scrape | E76: B | F76: 13 | G76: 6 | I76: 5 | J76: 1 | K76: =F76*4 -> 52 | L76: =H76*4 -> 0 | M76: =I76*4 -> 20 | N76: =J76*4 -> 4 | O76: =M76+N76 -> 24 | P76: =SUM(L76:N76) -> 24 | S76: 1 | T76: 2 | U76: 18 | V76: 2 | X76: 7 | Y76: 4 | Z76: 72 | AA76: 8 | AB76: 28 | AC76: 36 | AD76: =SUM(Z76:AB76) -> 108 | AH76: 0.5 | AI76: 3 | AM76: 38.50736
A77: 76 | B77: GH | C77: native | D77: J_direct | E77: C | F77: 11 | G77: 14 | K77: =F77*4 -> 44 | L77: =H77*4 -> 0 | M77: =I77*4 -> 0 | N77: =J77*4 -> 0 | O77: =M77+N77 -> 0 | P77: =SUM(L77:N77) -> 0 | S77: 14 | T77: 1 | U77: 10 | V77: 0.5 | Y77: 56 | Z77: 40 | AA77: 2 | AB77: 0 | AC77: 2 | AD77: =SUM(Z77:AB77) -> 42 | AI77: 0 | AM77: 117.52825
A78: 77 | B78: GH | C78: native | D78: no | E78: B | F78: 11 | G78: 6 | I78: 7 | J78: 1 | K78: =F78*4 -> 44 | L78: =H78*4 -> 0 | M78: =I78*4 -> 28 | N78: =J78*4 -> 4 | O78: =M78+N78 -> 32 | P78: =SUM(L78:N78) -> 32 | S78: 0.5 | T78: 1 | U78: 18 | V78: 2 | X78: 4 | Y78: 2 | Z78: 72 | AA78: 8 | AB78: 16 | AC78: 24 | AD78: =SUM(Z78:AB78) -> 96 | AH78: 0.5 | AI78: 3 | AM78: 69.154701
A79: 78 | B79: GH | C79: sand | D79: J_direct | E79: B | F79: 16 | G79: 9 | I79: 0.5 | K79: =F79*4 -> 64 | L79: =H79*4 -> 0 | M79: =I79*4 -> 2 | N79: =J79*4 -> 0 | O79: =M79+N79 -> 2 | P79: =SUM(L79:N79) -> 2 | S79: 0.5 | T79: 0.5 | U79: 14 | V79: 1 | X79: 10 | Y79: 2 | Z79: 56 | AA79: 4 | AB79: 40 | AC79: 44 | AD79: =SUM(Z79:AB79) -> 100 | AH79: 0.5 | AI79: 3.5 | AM79: 52.510621
A80: 79 | B80: GH | C80: sand | D80: no | E80: B | F80: 14 | G80: 8 | I80: 3 | K80: =F80*4 -> 56 | L80: =H80*4 -> 0 | M80: =I80*4 -> 12 | N80: =J80*4 -> 0 | O80: =M80+N80 -> 12 | P80: =SUM(L80:N80) -> 12 | S80: 1 | T80: 0.5 | U80: 20 | V80: 2 | X80: 2 | Y80: 4 | Z80: 80 | AA80: 8 | AB80: 8 | AC80: 16 | AD80: =SUM(Z80:AB80) -> 96 | AH80: 0.5 | AI80: 2.5 | AM80: 50.525347
A81: 80 | B81: GH | C81: native | D81: no | E81: B | F81: 10 | G81: 6 | I81: 9 | K81: =F81*4 -> 40 | L81: =H81*4 -> 0 | M81: =I81*4 -> 36 | N81: =J81*4 -> 0 | O81: =M81+N81 -> 36 | P81: =SUM(L81:N81) -> 36 | S81: 2 | T81: 4 | U81: 14 | V81: 4 | X81: 1 | Y81: 8 | Z81: 56 | AA81: 16 | AB81: 4 | AC81: 20 | AD81: =SUM(Z81:AB81) -> 76 | AH81: 0.5 | AI81: 4 | AM81: 47.4619
A82: 81 | B82: GH | C82: native | D82: no | E82: B | F82: 14 | G82: 6 | I82: 5 | K82: =F82*4 -> 56 | L82: =H82*4 -> 0 | M82: =I82*4 -> 20 | N82: =J82*4 -> 0 | O82: =M82+N82 -> 20 | P82: =SUM(L82:N82) -> 20 | S82: 2 | T82: 1 | U82: 16 | V82: 1 | X82: 5 | Y82: 8 | Z82: 64 | AA82: 4 | AB82: 20 | AC82: 24 | AD82: =SUM(Z82:AB82) -> 88 | AH82: 0.5 | AI82: 3.5 | AM82: 58.458047
A83: 82 | B83: GH | C83: sand | D83: no | E83: B | F83: 18 | G83: 5 | I83: 2 | K83: =F83*4 -> 72 | L83: =H83*4 -> 0 | M83: =I83*4 -> 8 | N83: =J83*4 -> 0 | O83: =M83+N83 -> 8 | P83: =SUM(L83:N83) -> 8 | S83: 0.5 | T83: 1 | U83: 17 | V83: 0.5 | X83: 7 | Y83: 2 | Z83: 68 | AA83: 2 | AB83: 28 | AC83: 30 | AD83: =SUM(Z83:AB83) -> 98 | AH83: 0.5 | AI83: 4 | AM83: 32.053886
A84: 83 | B84: GH | C84: sand | D84: no | E84: B | F84: 17 | G84: 5 | I84: 3 | K84: =F84*4 -> 68 | L84: =H84*4 -> 0 | M84: =I84*4 -> 12 | N84: =J84*4 -> 0 | O84: =M84+N84 -> 12 | P84: =SUM(L84:N84) -> 12 | S84: 0.5 | T84: 0.5 | U84: 19 | V84: 2 | X84: 4 | Y84: 2 | Z84: 76 | AA84: 8 | AB84: 16 | AC84: 24 | AD84: =SUM(Z84:AB84) -> 100 | AH84: 0.5 | AI84: 4 | AM84: 35.059016
A85: 84 | B85: GH | C85: sand | D85: no | E85: B | F85: 18 | G85: 1 | I85: 6 | K85: =F85*4 -> 72 | L85: =H85*4 -> 0 | M85: =I85*4 -> 24 | N85: =J85*4 -> 0 | O85: =M85+N85 -> 24 | P85: =SUM(L85:N85) -> 24 | S85: 3 | T85: 1 | U85: 19 | V85: 1 | X85: 1 | Y85: 12 | Z85: 76 | AA85: 4 | AB85: 4 | AC85: 8 | AD85: =SUM(Z85:AB85) -> 84 | AH85: 0.5 | AI85: 3 | AM85: 26.600881
A86: 85 | B86: GH | C86: sand | D86: J_direct | E86: B | F86: 14 | G86: 5 | I86: 6 | K86: =F86*4 -> 56 | L86: =H86*4 -> 0 | M86: =I86*4 -> 24 | N86: =J86*4 -> 0 | O86: =M86+N86 -> 24 | P86: =SUM(L86:N86) -> 24 | S86: 2 | T86: 1 | U86: 19 | V86: 1 | X86: 2 | Y86: 8 | Z86: 76 | AA86: 4 | AB86: 8 | AC86: 12 | AD86: =SUM(Z86:AB86) -> 88 | AH86: 0.5 | AI86: 1.5 | AM86: 46.477367
A87: 86 | B87: GH | C87: native | D87: no | E87: B | F87: 18 | G87: 3 | I87: 4 | K87: =F87*4 -> 72 | L87: =H87*4 -> 0 | M87: =I87*4 -> 16 | N87: =J87*4 -> 0 | O87: =M87+N87 -> 16 | P87: =SUM(L87:N87) -> 16 | S87: 3 | T87: 0.5 | U87: 17 | V87: 1 | X87: 4 | Y87: 12 | Z87: 68 | AA87: 4 | AB87: 16 | AC87: 20 | AD87: =SUM(Z87:AB87) -> 88 | AH87: 0.5 | AI87: 3 | AM87: 40.521069
A88: 87 | B88: GH | C88: sand | D88: no | E88: B | F88: 20 | G88: 1 | I88: 4 | K88: =F88*4 -> 80 | L88: =H88*4 -> 0 | M88: =I88*4 -> 16 | N88: =J88*4 -> 0 | O88: =M88+N88 -> 16 | P88: =SUM(L88:N88) -> 16 | S88: 2 | T88: 2 | U88: 20 | V88: 0.5 | X88: 1 | Y88: 8 | Z88: 80 | AA88: 2 | AB88: 4 | AC88: 6 | AD88: =SUM(Z88:AB88) -> 86 | AH88: 0.5 | AI88: 0.5 | AM88: 32.112546
A89: 88 | B89: GH | C89: sand | D89: J_direct | E89: B | F89: 18 | I89: 7 | K89: =F89*4 -> 72 | L89: =H89*4 -> 0 | M89: =I89*4 -> 28 | N89: =J89*4 -> 0 | O89: =M89+N89 -> 28 | P89: =SUM(L89:N89) -> 28 | S89: 0.5 | T89: 1 | U89: 18 | V89: 1 | X89: 5 | Y89: 2 | Z89: 72 | AA89: 4 | AB89: 20 | AC89: 24 | AD89: =SUM(Z89:AB89) -> 96 | AH89: 0.5 | AI89: 4.5 | AM89: 25.187202
A90: 89 | B90: GH | C90: native | D90: J_scrape | E90: B | F90: 15 | G90: 5 | I90: 5 | K90: =F90*4 -> 60 | L90: =H90*4 -> 0 | M90: =I90*4 -> 20 | N90: =J90*4 -> 0 | O90: =M90+N90 -> 20 | P90: =SUM(L90:N90) -> 20 | S90: 0.5 | T90: 0.5 | U90: 18 | V90: 1 | X90: 6 | Y90: 2 | Z90: 72 | AA90: 4 | AB90: 24 | AC90: 28 | AD90: =SUM(Z90:AB90) -> 100 | AH90: 0.5 | AI90: 3 | AM90: 94.565971
A91: 90 | B91: GH | C91: native | D91: J_scrape | E91: B | F91: 12 | G91: 9 | I91: 4 | K91: =F91*4 -> 48 | L91: =H91*4 -> 0 | M91: =I91*4 -> 16 | N91: =J91*4 -> 0 | O91: =M91+N91 -> 16 | P91: =SUM(L91:N91) -> 16 | S91: 1 | T91: 1 | U91: 17 | V91: 2 | X91: 4 | Y91: 4 | Z91: 68 | AA91: 8 | AB91: 16 | AC91: 24 | AD91: =SUM(Z91:AB91) -> 92 | AH91: 0.5 | AI91: 4 | AM91: 62.774491
A92: 91 | B92: GH | C92: sand | D92: J_direct | E92: C | F92: 17 | G92: 8 | K92: =F92*4 -> 68 | L92: =H92*4 -> 0 | M92: =I92*4 -> 0 | N92: =J92*4 -> 0 | O92: =M92+N92 -> 0 | P92: =SUM(L92:N92) -> 0 | S92: 25 | T92: 0.5 | U92: 0 | V92: 0 | X92: 0 | Y92: 100 | Z92: 0 | AA92: 0 | AB92: 0 | AC92: 0 | AD92: =SUM(Z92:AB92) -> 0 | AH92: 0 | AI92: 0 | AM92: 5.7209272
A93: 92 | B93: GH | C93: native | D93: J_direct | E93: B | F93: 9 | G93: 9 | I93: 7 | K93: =F93*4 -> 36 | L93: =H93*4 -> 0 | M93: =I93*4 -> 28 | N93: =J93*4 -> 0 | O93: =M93+N93 -> 28 | P93: =SUM(L93:N93) -> 28 | S93: 1 | T93: 1 | U93: 18 | V93: 1 | X93: 4 | Y93: 4 | Z93: 72 | AA93: 4 | AB93: 16 | AC93: 20 | AD93: =SUM(Z93:AB93) -> 92 | AH93: 0.5 | AI93: 5 | AJ93: 254.08068 | AK93: 389.0157 | AL93: 573.2282 | AM93: 81.956827 | AN93: 92 | AO93: 10.456543 | AP93: 26.207367 | AQ93: 57.534774 | AR93: 254.08068 | AS93: 389.0157 | AT93: 129.62665 | AU93: 573.2282 | AV93: 21.946967 | AW93: 88.5225
A94: 93 | B94: GH | C94: sand | D94: J_scrape | E94: C | F94: 18 | G94: 7 | K94: =F94*4 -> 72 | L94: =H94*4 -> 0 | M94: =I94*4 -> 0 | N94: =J94*4 -> 0 | O94: =M94+N94 -> 0 | P94: =SUM(L94:N94) -> 0 | S94: 25 | T94: 0.5 | U94: 0 | V94: 0 | X94: 0 | Y94: 100 | Z94: 0 | AA94: 0 | AB94: 0 | AC94: 0 | AD94: =SUM(Z94:AB94) -> 0 | AH94: 0 | AI94: 0 | AM94: 23.625058
A95: 94 | B95: GH | C95: sand | D95: J_scrape | E95: B | F95: 17 | G95: 3 | I95: 5 | K95: =F95*4 -> 68 | L95: =H95*4 -> 0 | M95: =I95*4 -> 20 | N95: =J95*4 -> 0 | O95: =M95+N95 -> 20 | P95: =SUM(L95:N95) -> 20 | S95: 8 | T95: 1 | U95: 13 | V95: 0.5 | X95: 3 | Y95: 32 | Z95: 52 | AA95: 2 | AB95: 12 | AC95: 14 | AD95: =SUM(Z95:AB95) -> 66 | AH95: 0.5 | AI95: 3 | AM95: 61.580804
A96: 95 | B96: GH | C96: sand | D96: J_scrape | E96: B | F96: 16 | G96: 3 | I96: 6 | K96: =F96*4 -> 64 | L96: =H96*4 -> 0 | M96: =I96*4 -> 24 | N96: =J96*4 -> 0 | O96: =M96+N96 -> 24 | P96: =SUM(L96:N96) -> 24 | S96: 1 | T96: 1 | U96: 17 | V96: 1 | X96: 5 | Y96: 4 | Z96: 68 | AA96: 4 | AB96: 20 | AC96: 24 | AD96: =SUM(Z96:AB96) -> 92 | AH96: 0.5 | AI96: 4.5 | AM96: 54.041823
A97: 96 | B97: GH | C97: native | D97: J_direct | E97: B | F97: 14 | G97: 4 | I97: 7 | K97: =F97*4 -> 56 | L97: =H97*4 -> 0 | M97: =I97*4 -> 28 | N97: =J97*4 -> 0 | O97: =M97+N97 -> 28 | P97: =SUM(L97:N97) -> 28 | S97: 1 | T97: 1 | U97: 20 | V97: 1 | X97: 2 | Y97: 4 | Z97: 80 | AA97: 4 | AB97: 8 | AC97: 12 | AD97: =SUM(Z97:AB97) -> 92 | AH97: 0.5 | AI97: 2.5 | AJ97: 263.70447 | AK97: 508.56261 | AL97: 766.33429 | AM97: 112.32721 | AN97: 96 | AO97: 10.357686 | AP97: 29.768617 | AQ97: 56.941632 | AR97: 263.70447 | AS97: 508.56261 | AT97: 165.70725 | AU97: 766.33429 | AV97: 27.9604 | AW97: 109.89
A98: 97 | B98: GH | C98: native | D98: J_direct | E98: B | F98: 12 | G98: 10 | I98: 3 | K98: =F98*4 -> 48 | L98: =H98*4 -> 0 | M98: =I98*4 -> 12 | N98: =J98*4 -> 0 | O98: =M98+N98 -> 12 | P98: =SUM(L98:N98) -> 12 | S98: 2 | T98: 2 | U98: 13 | V98: 3 | X98: 5 | Y98: 8 | Z98: 52 | AA98: 12 | AB98: 20 | AC98: 32 | AD98: =SUM(Z98:AB98) -> 84 | AH98: 0.5 | AI98: 3.5 | AJ98: 417.99138 | AK98: 565.87485 | AL98: 666.65541 | AM98: 72.757555 | AN98: 97 | AO98: 15.794821 | AP98: 31.701867 | AQ98: 89.564442 | AR98: 417.99138 | AS98: 565.87485 | AT98: 143.00485 | AU98: 666.65541 | AV98: 24.176667 | AW98: 121.4895
A99: 98 | B99: GH | C99: sand | D99: J_scrape | E99: B | F99: 14 | G99: 9 | I99: 2 | K99: =F99*4 -> 56 | L99: =H99*4 -> 0 | M99: =I99*4 -> 8 | N99: =J99*4 -> 0 | O99: =M99+N99 -> 8 | P99: =SUM(L99:N99) -> 8 | S99: 2 | T99: 2 | U99: 16 | V99: 1 | X99: 4 | Y99: 8 | Z99: 64 | AA99: 4 | AB99: 16 | AC99: 20 | AD99: =SUM(Z99:AB99) -> 84 | AH99: 0.5 | AI99: 2 | AM99: 57.296588
A100: 99 | B100: GH | C100: native | D100: J_scrape | E100: B | F100: 18 | G100: 4 | I100: 3 | K100: =F100*4 -> 72 | L100: =H100*4 -> 0 | M100: =I100*4 -> 12 | N100: =J100*4 -> 0 | O100: =M100+N100 -> 12 | P100: =SUM(L100:N100) -> 12 | S100: 1 | T100: 0 | U100: 20 | V100: 1 | X100: 3 | Y100: 4 | Z100: 80 | AA100: 4 | AB100: 12 | AC100: 16 | AD100: =SUM(Z100:AB100) -> 96 | AH100: 0.5 | AI100: 3.5 | AM100: 71.918209
...

Sheet summary
A1: irrigation type | B1: soil | C1: Jute_noScrapeCat | D1: Inoc | E1: N Rows | F1: Mean(%Bare_1 2) | G1: Mean(% cyano_1 2) | H1: Mean(%lichen 2) | I1: Mean(%moss 2) | J1: Mean(%LS_1 2) | K1: Mean(%TotalBiocrust_1 2) | L1: Mean(% plant) | M1: Mean(Average of LBmg_L) | N1: Mean(Chl a) | O1: Mean(Average of TBmg_L) | P1: Mean(Average of LBug) | Q1: Mean(Average of LBug_g) | R1: Mean(Average of TBug_g) | S1: Mean(Average of Gug) | T1: Mean(Average of Gug_g) | U1: Mean(Average of Gmg_L) | V1: Mean(Average of TBug) | W1: Std Err(%Bare_1 2) | X1: Std Err(% cyano_1 2) | Y1: Std Err(%lichen 2) | Z1: Std Err(%moss 2) | AA1: Std Err(%LS_1 2) | AB1: Std Err(%TotalBiocrust_1 2) | AC1: Std Err(% plant) | AD1: Std Err(Average of LBmg_L) | AE1: Std Err(Chl a) | AF1: Std Err(Average of TBmg_L) | AG1: Std Err(Average of LBug) | AH1: Std Err(Average of LBug_g) | AI1: Std Err(Average of TBug_g) | AJ1: Std Err(Average of Gug) | AK1: Std Err(Average of Gug_g) | AL1: Std Err(Average of Gmg_L) | AM1: Std Err(Average of TBug) | AN1: Mean(%Bare_1) | AO1: Mean(% cyano_1) | AP1: Mean(%lichen) | AQ1: Mean(%moss) | AR1: Mean(%LS_1) | AS1: Mean(%TotalBiocrust_1) | AT1: Std Err(%Bare_1) | AU1: Std Err(% cyano_1) | AV1: Std Err(%lichen) | AW1: Std Err(%moss) | AX1: Std Err(%LS_1) | AY1: Std Err(%TotalBiocrust_1)
A2: GH | B2: native | C2: J | D2: B | E2: 10 | F2: 4.8 | G2: 5 | H2: 0 | I2: 17.6 | J2: 17.6 | K2: 22.6 | L2: 3.85 | M2: 14.188395 | N2: 57.53 | O2: 29.548158 | P2: 79.925884 | Q2: 369.4017 | R2: 498.85682 | S2: 153.6466 | T2: 706.87886 | U2: 25.950292 | V2: 108.56725 | W2: 0.95219046 | X2: 0.9067647 | Y2: 0 | Z2: 1.6 | AA2: 1.6 | AB2: 1.9333333 | AC2: 0.28915586 | AD2: 2.356855 | AE2: 9.4902963 | AF2: 1.182593 | AG2: 14.14113 | AH2: 68.655787 | AI2: 38.457169 | AJ2: 10.592732 | AK2: 54.853599 | AL2: 1.7654553 | AM2: 7.095558 | AN2: 52.8 | AO2: 0 | AP2: 20 | AQ2: 0 | AR2: 20 | AS2: 20 | AT2: 3.9463063 | AU2: 0 | AV2: 2.921187 | AW2: 0 | AX2: 2.921187 | AY2: 2.921187
A3: GH | B3: native | C3: J | D3: C | E3: 2 | F3: 8 | G3: 1 | H3: 0 | I3: 0 | J3: 0 | K3: 1 | L3: 0 | N3: 126.6 | W3: 4 | X3: 1 | Y3: 0 | Z3: 0 | AA3: 0 | AB3: 1 | AC3: 0 | AE3: 19.22 | AN3: 30 | AO3: 0 | AP3: 0 | AQ3: 0 | AR3: 0 | AS3: 0 | AT3: 14 | AU3: 0 | AV3: 0 | AW3: 0 | AX3: 0 | AY3: 0
A4: GH | B4: native | C4: N | D4: B | E4: 5 | F4: 6.8 | G4: 8 | H4: 0 | I4: 13.6 | J4: 13.6 | K4: 21.6 | L4: 3.5 | N4: 24.666 | W4: 2.4979992 | X4: 2.1908902 | Y4: 0 | Z4: 2.712932 | AA4: 2.712932 | AB4: 0.9797959 | AC4: 0.2236068 | AE4: 6.524902 | AN4: 51.2 | AO4: 0 | AP4: 22.4 | AQ4: 0.8 | AR4: 23.2 | AS4: 23.2 | AT4: 5.8514955 | AU4: 0 | AV4: 4.3081318 | AW4: 0.8 | AX4: 4.6303348 | AY4: 4.6303348
A5: GH | B5: native | C5: N | D5: C | E5: 1 | F5: 8 | G5: 0 | H5: 0 | I5: 0 | J5: 0 | K5: 0 | L5: 0 | N5: 40.52 | AN5: 48 | AO5: 0 | AP5: 0 | AQ5: 0 | AR5: 0 | AS5: 0
A6: GH | B6: sand | C6: J | D6: B | E6: 10 | F6: 4.8 | G6: 5.2 | H6: 0 | I6: 20.4 | J6: 20.4 | K6: 25.6 | L6: 3.3 | M6: 41.332879 | N6: 35.039 | O6: 25.088117 | P6: 242.79279 | Q6: 1134.4406 | R6: 382.66703 | S6: 93.14065 | T6: 435.46403 | U6: 15.865967 | V6: 81.807 | W6: 0.74236858 | X6: 0.9977753 | Y6: 0 | Z6: 3.0081371 | AA6: 3.0081371 | AB6: 3.1524241 | AC6: 0.32659863 | AE6: 4.3920088 | AN6: 62.4 | AO6: 0 | AP6: 16.2 | AQ6: 0.4 | AR6: 16.6 | AS6: 16.6 | AT6: 2.6127891 | AU6: 0 | AV6: 2.6741561 | AW6: 0.4 | AX6: 2.7656625 | AY6: 2.7656625
A7: GH | B7: sand | C7: J | D7: C | E7: 2 | F7: 2 | G7: 0 | H7: 0 | I7: 0 | J7: 0 | K7: 0 | L7: 0 | N7: 86.33 | W7: 0 | X7: 0 | Y7: 0 | Z7: 0 | AA7: 0 | AB7: 0 | AC7: 0 | AE7: 0.48 | AN7: 70 | AO7: 0 | AP7: 0 | AQ7: 0 | AR7: 0 | AS7: 0 | AT7: 2 | AU7: 0 | AV7: 0 | AW7: 0 | AX7: 0 | AY7: 0
A8: GH | B8: sand | C8: N | D8: B | E8: 5 | F8: 4 | G8: 4.8 | H8: 0 | I8: 12 | J8: 12 | K8: 16.8 | L8: 2.8 | N8: 34.374 | W8: 1.0954451 | X8: 1.356466 | Y8: 0 | Z8: 4.5607017 | AA8: 4.5607017 | AB8: 4.586938 | AC8: 0.64420494 | AE8: 5.2034264 | AN8: 69.6 | AO8: 0 | AP8: 14.4 | AQ8: 0 | AR8: 14.4 | AS8: 14.4 | AT8: 3.9191836 | AU8: 0 | AV8: 2.712932 | AW8: 0 | AX8: 2.712932 | AY8: 2.712932
A9: GH | B9: sand | C9: N | D9: C | E9: 1 | F9: 2 | G9: 0 | H9: 0 | I9: 0 | J9: 0 | K9: 0 | L9: 0 | N9: 99.9 | AN9: 80 | AO9: 0 | AP9: 0 | AQ9: 0 | AR9: 0 | AS9: 0
A10: Hoop | B10: native | C10: J | D10: B | E10: 10 | F10: 27.2 | G10: 11 | H10: 2.4 | I10: 4 | J10: 6.4 | K10: 17.4 | L10: 28.4 | M10: 7.5979281 | N10: 27.718 | O10: 20.509367 | P10: 40.383085 | Q10: 297.78119 | R10: 380.82002 | S10: 79.610425 | T10: 564.33397 | U10: 13.610929 | V10: 54.3345 | W10: 9.8486322 | X10: 2.1343747 | Y10: 1.6 | Z10: 0.73029674 | AA10: 1.4236104 | AB10: 2.7495454 | AC10: 7.757004 | AD10: 0.8366016 | AE10: 3.5248463 | AF10: 0.48817227 | AG10: 5.0196096 | AH10: 124.66114 | AI10: 136.82083 | AJ10: 6.3278853 | AK10: 213.16836 | AL10: 1.0546475 | AM10: 2.9290336 | AN10: 70.8 | AO10: 0 | AP10: 10 | AQ10: 2.2 | AR10: 12.2 | AS10: 12.2 | AT10: 3.6295087 | AU10: 0 | AV10: 1.9776529 | AW10: 0.69602043 | AX10: 1.9194907 | AY10: 1.9194907
A11: Hoop | B11: native | C11: J | D11: C | E11: 2 | F11: 18 | G11: 0 | H11: 0 | I11: 0 | J11: 0 | K11: 0 | L11: 12.5 | N11: 97.145 | W11: 6 | X11: 0 | Y11: 0 | Z11: 0 | AA11: 0 | AB11: 0 | AC11: 12.5 | AE11: 15.185 | AN11: 76 | AO11: 0 | AP11: 0 | AQ11: 0 | AR11: 0 | AS11: 0 | AT11: 8 | AU11: 0 | AV11: 0 | AW11: 0 | AX11: 0 | AY11: 0
A12: Hoop | B12: native | C12: N | D12: B | E12: 5 | F12: 8.8 | G12: 10.4 | H12: 11.6 | I12: 4.4 | J12: 16 | K12: 26.4 | L12: 36.62 | N12: 34.036 | W12: 4.2708313 | X12: 1.6 | Y12: 7.1665891 | Z12: 1.4696938 | AA12: 6.2928531 | AB12: 7.4135012 | AC12: 5.9961988 | AE12: 11.838568 | AN12: 78.4 | AO12: 0 | AP12: 8.8 | AQ12: 2 | AR12: 10.8 | AS12: 10.8 | AT12: 4.4899889 | AU12: 0 | AV12: 1.9595918 | AW12: 0 | AX12: 1.9595918 | AY12: 1.9595918
A13: Hoop | B13: native | C13: N | D13: C | E13: 1 | F13: 160 | G13: 0 | H13: 0 | I13: 0 | J13: 0 | K13: 0 | L13: 0 | N13: 5.72 | AN13: 80 | AO13: 0 | AP13: 0 | AQ13: 0 | AR13: 0 | AS13: 0
A14: Hoop | B14: sand | C14: J | D14: B | E14: 10 | F14: 6.4 | G14: 10 | H14: 0.8 | I14: 3 | J14: 3.8 | K14: 13.8 | L14: 18.46 | M14: 6.304549 | N14: 23.675 | O14: 20.339783 | P14: 32.62281 | Q14: 158.41232 | R14: 257.73295 | S14: 63.54645 | T14: 306.96719 | U14: 10.9336 | V14: 53.317 | W14: 2.2469733 | X14: 3.3730962 | Y14: 0.8 | Z14: 0.68313005 | AA14: 0.96378882 | AB14: 4.1036569 | AC14: 3.4456801 | AE14: 3.8288046 | AN14: 80 | AO14: 0 | AP14: 8.2 | AQ14: 1.2 | AR14: 9.4 | AS14: 9.4 | AT14: 2.5991452 | AU14: 0 | AV14: 1.3482499 | AW14: 0.32659863 | AX14: 1.334999 | AY14: 1.334999
A15: Hoop | B15: sand | C15: J | D15: C | E15: 2 | F15: 2 | G15: 0 | H15: 0 | I15: 0 | J15: 0 | K15: 0 | L15: 0 | N15: 38.835 | W15: 2 | X15: 0 | Y15: 0 | Z15: 0 | AA15: 0 | AB15: 0 | AC15: 0 | AE15: 15.205 | AN15: 90 | AO15: 0 | AP15: 0 | AQ15: 0 | AR15: 0 | AS15: 0 | AT15: 2 | AU15: 0 | AV15: 0 | AW15: 0 | AX15: 0 | AY15: 0
A16: Hoop | B16: sand | C16: N | D16: B | E16: 5 | F16: 26.4 | G16: 3.6 | H16: 6.4 | I16: 3.2 | J16: 9.6 | K16: 13.2 | L16: 28.5 | N16: 24.76 | W16: 21.525798 | X16: 1.3266499 | Y16: 3.2496154 | Z16: 0.48989795 | AA16: 3.1874755 | AB16: 3.3226495 | AC16: 3.3052988 | AE16: 8.0839118 | AN16: 82.4 | AO16: 0 | AP16: 8 | AQ16: 1.2 | AR16: 9.2 | AS16: 9.2 | AT16: 2.4 | AU16: 0 | AV16: 1.7888544 | AW16: 0.48989795 | AX16: 1.356466 | AY16: 1.356466
A17: Hoop | B17: sand | C17: N | D17: C | E17: 1 | F17: 4 | G17: 0 | H17: 2 | I17: 0 | J17: 2 | K17: 2 | L17: 0 | N17: 61.58 | AN17: 96 | AO17: 0 | AP17: 0 | AQ17: 0 | AR17: 0 | AS17: 0
A18: Quesadilla | B18: native | C18: J | D18: B | E18: 10 | F18: 8 | G18: 7.6 | H18: 0.4 | I18: 4.2 | J18: 4.6 | K18: 12.2 | L18: 40.15 | M18: 13.007054 | N18: 32.618 | O18: 25.454417 | P18: 72.837838 | Q18: 338.94979 | R18: 395.22719 | S18: 114.87009 | T18: 537.59725 | U18: 19.48754 | V18: 84.0048 | W18: 1.7888544 | X18: 1.1075498 | Y18: 0.26666667 | Z18: 1.2454361 | AA18: 1.117537 | AB18: 1.645195 | AC18: 4.0654711 | AD18: 1.8458484 | AE18: 5.8696473 | AF18: 3.2229294 | AG18: 11.07509 | AH18: 53.139646 | AI18: 94.989528 | AJ18: 19.909371 | AK18: 99.497807 | AL18: 3.3182285 | AM18: 19.337576 | AN18: 73.6 | AO18: 0 | AP18: 14.4 | AQ18: 1.2 | AR18: 15.6 | AS18: 15.6 | AT18: 3.4871192 | AU18: 0 | AV18: 2.6127891 | AW18: 0.32659863 | AX18: 2.4729649 | AY18: 2.4729649
A19: Quesadilla | B19: native | C19: J | D19: C | E19: 2 | F19: 34 | G19: 0 | H19: 0 | I19: 0 | J19: 0 | K19: 0 | L19: 0 | N19: 67.31 | W19: 30 | X19: 0 | Y19: 0 | Z19: 0 | AA19: 0 | AB19: 0 | AC19: 0 | AE19: 5.45 | AN19: 68 | AO19: 0 | AP19: 2 | AQ19: 0 | AR19: 2 | AS19: 2 | AT19: 8 | AU19: 0 | AV19: 2 | AW19: 0 | AX19: 2 | AY19: 2
A20: Quesadilla | B20: native | C20: N | D20: B | E20: 5 | F20: 1.6 | G20: 14.4 | H20: 1.2 | I20: 2 | J20: 3.2 | K20: 17.6 | L20: 67.7 | N20: 25.764 | W20: 0.9797959 | X20: 3.7094474 | Y20: 0.8 | Z20: 0.89442719 | AA20: 0.48989795 | AB20: 3.7629775 | AC20: 6.3158531 | AE20: 5.2088047 | AN20: 65.6 | AO20: 0 | AP20: 14.4 | AQ20: 0.4 | AR20: 14.8 | AS20: 14.8 | AT20: 5.3065997 | AU20: 0 | AV20: 2.0396078 | AW20: 0.4 | AX20: 1.9595918 | AY20: 1.9595918
A21: Quesadilla | B21: native | C21: N | D21: C | E21: 1 | F21: 44 | G21: 0 | H21: 2 | I21: 0 | J21: 2 | K21: 2 | L21: 0 | N21: 57.3 | AN21: 56 | AO21: 0 | AP21: 0 | AQ21: 0 | AR21: 0 | AS21: 0
A22: Quesadilla | B22: sand | C22: J | D22: B | E22: 10 | F22: 0.4 | G22: 8.6 | H22: 1.4 | I22: 1.8 | J22: 3.2 | K22: 11.8 | L22: 49.9 | N22: 34.796 | W22: 0.4 | X22: 1.2666667 | Y22: 0.52068331 | Z22: 0.81377037 | AA22: 0.61101009 | AB22: 1.5902481 | AC22: 4.502962 | AE22: 5.6870264 | AN22: 77.2 | AO22: 0 | AP22: 13.6 | AQ22: 1.4 | AR22: 15 | AS22: 15 | AT22: 2.6025628 | AU22: 0 | AV22: 1.7074998 | AW22: 0.30550505 | AX22: 1.8439089 | AY22: 1.8439089
A23: Quesadilla | B23: sand | C23: J | D23: C | E23: 2 | F23: 0 | G23: 0 | H23: 0 | I23: 0 | J23: 0 | K23: 0 | L23: 0 | N23: 45.075 | W23: 0 | X23: 0 | Y23: 0 | Z23: 0 | AA23: 0 | AB23: 0 | AC23: 0 | AE23: 26.845 | AN23: 96 | AO23: 0 | AP23: 0 | AQ23: 0 | AR23: 0 | AS23: 0 | AT23: 4 | AU23: 0 | AV23: 0 | AW23: 0 | AX23: 0 | AY23: 0
A24: Quesadilla | B24: sand | C24: N | D24: B | E24: 5 | F24: 0.8 | G24: 10.4 | H24: 1.6 | I24: 1.6 | J24: 3.2 | K24: 13.6 | L24: 49.7 | N24: 39.934 | W24: 0.8 | X24: 1.6 | Y24: 0.9797959 | Z24: 0.74833148 | AA24: 0.48989795 | AB24: 1.4696938 | AC24: 4.9335586 | AE24: 5.7470537 | AN24: 78.4 | AO24: 0 | AP24: 10.4 | AQ24: 1.2 | AR24: 11.6 | AS24: 11.6 | AT24: 4.1182521 | AU24: 0 | AV24: 3.7094474 | AW24: 0.48989795 | AX24: 3.6551334 | AY24: 3.6551334
A25: Quesadilla | B25: sand | C25: N | D25: C | E25: 1 | F25: 0 | G25: 0 | H25: 0 | I25: 0 | J25: 0 | K25: 0 | L25: 0 | N25: 68.26 | AB25: =AVERAGE(AB2,AB4,AB6,AB8,AB10,AB12,AB14,AB16,AB18,AB20,AB22,AB24) -> 3.0591632 | AN25: 96 | AO25: 0 | AP25: 0 | AQ25: 0 | AR25: 0 | AS25: 0
K26: =AVERAGE(K4,K6,K8,K10,K12,K14,K16,K18,K20,K22,K24) -> 17.272727
C31: irrigation type | D31: N Rows | E31: Mean(%Cyano_2) | F31: Mean(% Lichen_2) | G31: Mean(% Moss_2) | H31: Mean(TTL biocurst_2) | I31: Std Err(%Cyano_2) | J31: Std Err(% Lichen_2) | K31: Std Err(% Moss_2) | L31: Std Err(TTL biocurst_2)
C32: GH | D32: 36 | E32: 59.611111 | F32: 4.6666667 | G32: 14.111111 | H32: 78.388889 | I32: 3.796255 | J32: 0.61204834 | K32: 1.6289922 | L32: 5.0970389
C33: Hoop | D33: 36 | E33: 34.388889 | F33: 7.1666667 | G33: 3 | H33: 44.555556 | I33: 3.9783696 | J33: 0.93052298 | K33: 0.41018772 | L33: 4.6212835
C34: Quesadilla | D34: 36 | E34: 65.444444 | F34: 7.9444444 | G34: 2.1666667 | H34: 75.555556 | I34: 5.2954674 | J34: 0.97748011 | K34: 0.48713611 | L34: 5.8771071
C43: irrigation type | D43: soil | E43: Jute_noScrapeCat | F43: N Rows | G43: Mean(%Cyano_2) | H43: Mean(% Lichen_2) | I43: Mean(% Moss_2) | J43: Mean(%LS_2) | K43: Mean(TTL biocurst_2) | L43: Std Err(%Cyano_2) | M43: Std Err(% Lichen_2) | N43: Std Err(% Moss_2) | O43: Std Err(%LS_2) | P43: Std Err(TTL biocurst_2)
C44: GH | D44: sand | E44: N | F44: 6 | G44: 63.666667 | H44: 4 | I44: 10 | J44: 14 | K44: 77.666667 | L44: 12.462388 | M44: 1.3662601 | N44: 4.226898 | O44: 4.6761808 | P44: 15.365907
C45: GH | D45: sand | E45: J | F45: 12 | G45: 55.333333 | H45: 4.3333333 | I45: 17 | J45: 21.333333 | K45: 76.666667 | L45: 7.8134823 | M45: 1.0100505 | N45: 3.3799767 | O45: 3.879498 | P45: 10.754374
C46: GH | D46: native | E46: N | F46: 6 | G46: 56 | H46: 6.6666667 | I46: 11.333333 | J46: 18 | K46: 74 | L46: 8.326664 | M46: 2.2310934 | N46: 3.1692972 | O46: 3.6878178 | P46: 11.944315
C47: GH | D47: native | E47: J | F47: 12 | G47: 63.666667 | H47: 4.3333333 | I47: 14.666667 | J47: 19 | K47: 82.666667 | L47: 4.5781651 | M47: 0.8819171 | N47: 2.3783536 | O47: 2.9076701 | P47: 6.5889408
C49: Quesadilla | D49: sand | E49: N | F49: 6 | G49: 68 | H49: 8.6666667 | I49: 1.3333333 | J49: 10 | K49: 78 | L49: 13.779211 | M49: 2.1705094 | N49: 0.66666667 | O49: 2.4221203 | P49: 15.646086
C50: Quesadilla | D50: sand | E50: J | F50: 12 | G50: 68 | H50: 7.1666667 | I50: 1.5 | J50: 8.6666667 | K50: 76.666667 | L50: 10.17424 | M50: 1.4240006 | N50: 0.70172947 | O50: 1.8963016 | P50: 10.952607
C51: Quesadilla | D51: native | E51: N | F51: 6 | G51: 66 | H51: 12 | I51: 1.6666667 | J51: 13.666667 | K51: 79.666667 | L51: 14.075984 | M51: 3.8643671 | N51: 0.80277297 | O51: 4.5141752 | P51: 16.036763
C52: Quesadilla | D52: native | E52: J | F52: 12 | G52: 61.333333 | H52: 6.3333333 | I52: 3.5 | J52: 9.8333333 | K52: 71.166667 | L52: 8.5752757 | M52: 1.251262 | N52: 1.1315048 | O52: 2.0069324 | P52: 9.6309423
C54: Hoop | D54: sand | E54: N | F54: 6 | G54: 21.666667 | H54: 4.6666667 | I54: 2.6666667 | J54: 7.3333333 | K54: 29 | L54: 7.2372493 | M54: 1.9090428 | N54: 0.66666667 | O54: 2.1081851 | P54: 7.7244202
C55: Hoop | D55: sand | E55: J | F55: 12 | G55: 32.333333 | H55: 6 | I55: 2.5 | J55: 8.5 | K55: 40.833333 | L55: 6.0193291 | M55: 1.6514456 | N55: 0.65712874 | O55: 2.0169734 | P55: 7.2130283
C56: Hoop | D56: native | E56: N | F56: 6 | G56: 45.333333 | H56: 8.6666667 | I56: 3.6666667 | J56: 12.333333 | K56: 57.666667 | L56: 10.515597 | M56: 2.1705094 | N56: 1.4063349 | O56: 2.7039066 | P56: 12.579525
C57: Hoop | D57: native | E57: J | F57: 12 | G57: 37.333333 | H57: 8.8333333 | I57: 3.3333333 | J57: 12.166667 | K57: 49.5 | L57: 7.9898926 | M57: 1.6959548 | N57: 0.75210143 | O57: 2.05173 | P57: 8.9446954
G62: Gh | H62: Quesadilla | I62: Hoop
G63: =AVERAGE(K44:K47) -> 77.75 | H63: =AVERAGE(K49:K52) -> 76.375 | I63: =AVERAGE(K54:K57) -> 44.25 | U63: irrigation type | V63: soil | W63: Jute_noScrapeCat | X63: N Rows | Y63: Mean(%Cyano_2) | Z63: Mean(% Lichen_2) | AA63: Mean(% Moss_2) | AB63: Mean(%LS_2) | AC63: Mean(TTL biocurst_2) | AD63: Std Err(%Cyano_2) | AE63: Std Err(% Lichen_2) | AF63: Std Err(% Moss_2) | AG63: Std Err(%LS_2) | AH63: Std Err(TTL biocurst_2)
F64: % increase | G64: =(G63-20)/20*100 -> 288.75 | H64: =(H63-20)/20*100 -> 281.875 | I64: =(I63-20)/20*100 -> 121.25 | U64: GH | V64: sand | W64: N | X64: 6 | Y64: 63.666667 | Z64: 4 | AA64: 10 | AB64: 14 | AC64: 77.666667 | AD64: 12.462388 | AE64: 1.3662601 | AF64: 4.226898 | AG64: 4.6761808 | AH64: 15.365907
F65: SE | U65: GH | V65: sand | W65: J | X65: 12 | Y65: 55.333333 | Z65: 4.3333333 | AA65: 17 | AB65: 21.333333 | AC65: 76.666667 | AD65: 7.8134823 | AE65: 1.0100505 | AF65: 3.3799767 | AG65: 3.879498 | AH65: 10.754374
U66: GH | V66: native | W66: N | X66: 6 | Y66: 56 | Z66: 6.6666667 | AA66: 11.333333 | AB66: 18 | AC66: 74 | AD66: 8.326664 | AE66: 2.2310934 | AF66: 3.1692972 | AG66: 3.6878178 | AH66: 11.944315
U67: GH | V67: native | W67: J | X67: 12 | Y67: 63.666667 | Z67: 4.3333333 | AA67: 14.666667 | AB67: 19 | AC67: 82.666667 | AD67: 4.5781651 | AE67: 0.8819171 | AF67: 2.3783536 | AG67: 2.9076701 | AH67: 6.5889408
B68: irrigation type | C68: Inoc | D68: N Rows | E68: Mean(% increase over initial) | F68: Std Err(% increase over initial)
B69: Greenhouse | C69: B | E69: 288.75 | F69: 22.685 | U69: Quesadilla | V69: sand | W69: N | X69: 6 | Y69: 68 | Z69: 8.6666667 | AA69: 1.3333333 | AB69: 10 | AC69: 78 | AD69: 13.779211 | AE69: 2.1705094 | AF69: 0.66666667 | AG69: 2.4221203 | AH69: 15.646086
B70: Quesadilla | C70: B | D70: 30 | E70: 352.66667 | F70: 9.4799648 | U70: Quesadilla | V70: sand | W70: J | X70: 12 | Y70: 68 | Z70: 7.1666667 | AA70: 1.5 | AB70: 8.6666667 | AC70: 76.666667 | AD70: 10.17424 | AE70: 1.4240006 | AF70: 0.70172947 | AG70: 1.8963016 | AH70: 10.952607
B71: Hoop | C71: B | D71: 30 | E71: 166 | F71: 19.649808 | U71: Quesadilla | V71: native | W71: N | X71: 6 | Y71: 66 | Z71: 12 | AA71: 1.6666667 | AB71: 13.666667 | AC71: 79.666667 | AD71: 14.075984 | AE71: 3.8643671 | AF71: 0.80277297 | AG71: 4.5141752 | AH71: 16.036763
U72: Quesadilla | V72: native | W72: J | X72: 12 | Y72: 61.333333 | Z72: 6.3333333 | AA72: 3.5 | AB72: 9.8333333 | AC72: 71.166667 | AD72: 8.5752757 | AE72: 1.251262 | AF72: 1.1315048 | AG72: 2.0069324 | AH72: 9.6309423
U74: Hoop | V74: sand | W74: N | X74: 6 | Y74: 21.666667 | Z74: 4.6666667 | AA74: 2.6666667 | AB74: 7.3333333 | AC74: 29 | AD74: 7.2372493 | AE74: 1.9090428 | AF74: 0.66666667 | AG74: 2.1081851 | AH74: 7.7244202
U75: Hoop | V75: sand | W75: J | X75: 12 | Y75: 32.333333 | Z75: 6 | AA75: 2.5 | AB75: 8.5 | AC75: 40.833333 | AD75: 6.0193291 | AE75: 1.6514456 | AF75: 0.65712874 | AG75: 2.0169734 | AH75: 7.2130283
U76: Hoop | V76: native | W76: N | X76: 6 | Y76: 45.333333 | Z76: 8.6666667 | AA76: 3.6666667 | AB76: 12.333333 | AC76: 57.666667 | AD76: 10.515597 | AE76: 2.1705094 | AF76: 1.4063349 | AG76: 2.7039066 | AH76: 12.579525
U77: Hoop | V77: native | W77: J | X77: 12 | Y77: 37.333333 | Z77: 8.8333333 | AA77: 3.3333333 | AB77: 12.166667 | AC77: 49.5 | AD77: 7.9898926 | AE77: 1.6959548 | AF77: 0.75210143 | AG77: 2.05173 | AH77: 8.9446954
A79: Irrigation by inoc
A80: irrigation type | B80: Inoc | C80: N Rows | D80: Mean(%Bare_1) | E80: Mean(% cyano_1) | F80: Mean(%lichen) | G80: Mean(%moss) | H80: Mean(%LS_1) | I80: Mean(%TotalBiocrust_1) | J80: Mean(% cyano_1 2) | K80: Mean(%lichen 2) | L80: Mean(%moss 2) | M80: Mean(%LS_1 2) | N80: Mean(%TotalBiocrust_1 2) | O80: Mean(% plant) | P80: Mean(Average of LBug_g) | Q80: Mean(Average of TBug_g) | R80: Mean(Average of Gug_g) | S80: Mean(tot chl a (665+750)) | T80: Std Err(%Bare_1) | U80: Std Err(% cyano_1) | V80: Std Err(%lichen) | W80: Std Err(%moss) | X80: Std Err(%LS_1) | Y80: Std Err(%TotalBiocrust_1) | Z80: Std Err(% cyano_1 2) | AA80: Std Err(%lichen 2) | AB80: Std Err(%moss 2) | AC80: Std Err(%LS_1 2) | AD80: Std Err(%TotalBiocrust_1 2) | AE80: Std Err(% plant) | AF80: Std Err(Average of LBug_g) | AG80: Std Err(Average of TBug_g) | AH80: Std Err(Average of Gug_g) | AI80: Std Err(tot chl a (665+750))
A81: GH | B81: B | C81: 30 | D81: 58.533333 | E81: 0 | F81: 18.2 | G81: 0.26666667 | H81: 18.466667 | I81: 18.466667 | J81: 68.666667 | K81: 5.5333333 | L81: 16.933333 | M81: 22.466667 | N81: 91.133333 | O81: 3.4333333 | P81: 522.40948 | Q81: 475.61886 | R81: 652.5959 | S81: 62.41297 | T81: 2.2405528 | U81: 0 | V81: 1.5766981 | W81: 0.18528222 | X81: 1.620794 | Y81: 1.620794 | Z81: 1.5111336 | AA81: 0.61910825 | AB81: 1.4816373 | AC81: 1.4907634 | AD81: 1.5091547 | AE81: 0.1868267 | AF81: 161.98627 | AG81: 37.780617 | AH81: 68.934685 | AI81: 5.1732959
A82: GH | B82: C | C82: 6 | D82: 54.666667 | E82: 0 | F82: 0 | G82: 0 | H82: 0 | I82: 0 | J82: 14.333333 | K82: 0.33333333 | L82: 0 | M82: 0.33333333 | N82: 14.666667 | O82: 0 | S82: 46.217004 | T82: 9.6148034 | U82: 0 | V82: 0 | W82: 0 | X82: 0 | Y82: 0 | Z82: 6.8588953 | AA82: 0.33333333 | AB82: 0 | AC82: 0.33333333 | AD82: 7.1118055 | AE82: 0 | AI82: 18.348724
A84: Quesadilla | B84: B | C84: 30 | D84: 74.266667 | E84: 0 | F84: 13.466667 | G84: 1.1333333 | H84: 14.6 | I84: 14.6 | J84: 78.4 | K84: 9.5333333 | L84: 2.6 | M84: 12.133333 | N84: 90.533333 | O84: 49.583333 | P84: 338.94979 | Q84: 395.22719 | R84: 537.59725 | S84: 35.669826 | T84: 1.9051855 | U84: 0 | V84: 1.2202631 | W84: 0.18403731 | X84: 1.2021054 | Y84: 1.2021054 | Z84: 2.4228794 | AA84: 0.92814651 | AB84: 0.55211193 | AC84: 1.1544351 | AD84: 1.895993 | AE84: 2.8625689 | AF84: 53.139646 | AG84: 94.989528 | AH84: 99.497807 | AI84: 2.4536717
A85: Quesadilla | B85: C | C85: 6 | D85: 80 | E85: 0 | F85: 0.66666667 | G85: 0 | H85: 0.66666667 | I85: 0.66666667 | J85: 0.66666667 | K85: 0 | L85: 0 | M85: 0 | N85: 0.66666667 | O85: 0 | S85: 9.7042039 | T85: 7.7287343 | U85: 0 | V85: 0.66666667 | W85: 0 | X85: 0.66666667 | Y85: 0.66666667 | Z85: 0.66666667 | AA85: 0 | AB85: 0 | AC85: 0 | AD85: 0.66666667 | AE85: 0 | AI85: 2.3749545
A87: Hoop | B87: B | C87: 30 | D87: 77.066667 | E87: 0 | F87: 8.8666667 | G87: 1.6666667 | H87: 10.533333 | I87: 10.533333 | J87: 41 | K87: 8.6 | L87: 3.6 | M87: 12.2 | N87: 53.2 | O87: 26.473333 | P87: 269.90742 | Q87: 356.20261 | R87: 512.86061 | S87: 31.650705 | T87: 1.8388736 | U87: 0 | V87: 0.88243828 | W87: 0.27263437 | X87: 0.86799191 | Y87: 0.86799191 | Z87: 3.7222537 | AA87: 0.91047543 | AB87: 0.41133369 | AC87: 0.99354237 | AD87: 3.9299615 | AE87: 3.1506428 | AF87: 100.50466 | AG87: 108.80248 | AH87: 172.95651 | AI87: 2.6314583
A88: Hoop | B88: C | C88: 6 | D88: 84.666667 | E88: 0 | F88: 0 | G88: 0 | H88: 0 | I88: 0 | J88: 1.3333333 | K88: 0 | L88: 0 | M88: 0 | N88: 1.3333333 | O88: 4.1666667 | S88: 9.956755 | T88: 4.055175 | U88: 0 | V88: 0 | W88: 0 | X88: 0 | Y88: 0 | Z88: 0.84327404 | AA88: 0 | AB88: 0 | AC88: 0 | AD88: 0.84327404 | AE88: 4.1666667 | AI88: 2.2759101
B91: Summar All
A92: irrigation type | B92: soil | C92: jute | D92: Inoc | E92: N Rows | F92: Mean(%Bare_1 2) | G92: Mean(% cyano_1 2) | H92: Mean(%lichen 2) | I92: Mean(%moss 2) | J92: Mean(%LS_1 2) | K92: Mean(%TotalBiocrust_1 2) | L92: Mean(% plant) | M92: Mean(Average of LBug_g) | N92: Mean(Average of TBug_g) | O92: Mean(Average of Gug_g) | P92: Mean(tot chl a (665+750)) | Q92: Std Err(%Bare_1 2) | R92: Std Err(% cyano_1 2) | S92: Std Err(%lichen 2) | T92: Std Err(%moss 2) | U92: Std Err(%LS_1 2) | V92: Std Err(%TotalBiocrust_1 2) | W92: Std Err(% plant) | X92: Std Err(Average of LBug_g) | Y92: Std Err(Average of TBug_g) | Z92: Std Err(Average of Gug_g) | AA92: Std Err(tot chl a (665+750))
A93: GH | B93: native | C93: J | D93: B | E93: 10 | F93: 4 | G93: 69.6 | H93: 5 | I93: 17.6 | J93: 22.6 | K93: 92.2 | L93: 3.85 | M93: 522.40948 | N93: 475.61886 | O93: 652.5959 | P93: 85.128709 | Q93: 0.51639778 | R93: 2.5438379 | S93: 0.9067647 | T93: 1.6 | U93: 1.9333333 | V93: 1.4126413 | W93: 0.28915586 | X93: 161.98627 | Y93: 37.780617 | Z93: 68.934685 | AA93: 5.6970789
A94: GH | B94: native | C94: J | D94: C | E94: 2 | F94: 48 | G94: 34 | H94: 1 | I94: 0 | J94: 1 | K94: 35 | L94: 0 | P94: 102.16825 | Q94: 8 | R94: 6 | S94: 1 | T94: 0 | U94: 1 | V94: 7 | W94: 0 | AA94: 15.359993
A95: GH | B95: native | C95: no | D95: B | E95: 5 | F95: 8.4 | G95: 64 | H95: 8 | I95: 13.6 | J95: 21.6 | K95: 85.6 | L95: 3.5 | P95: 72.283018 | Q95: 1.8330303 | R95: 2.8284271 | S95: 2.1908902 | T95: 2.712932 | U95: 0.9797959 | V95: 3.4871192 | W95: 0.2236068 | AA95: 19.017651
A96: GH | B96: native | C96: no | D96: C | E96: 1 | F96: 76 | G96: 16 | H96: 0 | I96: 0 | J96: 0 | K96: 16 | L96: 0 | P96: 25.385529
A97: GH | B97: sand | C97: J | D97: B | E97: 10 | F97: 6.8 | G97: 66.4 | H97: 5.2 | I97: 20.4 | J97: 25.6 | K97: 92 | L97: 3.3 | P97: 48.333525 | Q97: 2.8936713 | R97: 2.8095077 | S97: 0.9977753 | T97: 3.0081371 | U97: 3.1524241 | V97: 3.5901099 | W97: 0.32659863 | AA97: 4.0660957
A98: GH | B98: sand | C98: J | D98: C | E98: 2 | F98: 100 | G98: 0 | H98: 0 | I98: 0 | J98: 0 | K98: 0 | L98: 0 | P98: 14.672993 | Q98: 0 | R98: 0 | S98: 0 | T98: 0 | U98: 0 | V98: 0 | W98: 0 | AA98: 8.9520654
A99: GH | B99: sand | C99: no | D99: B | E99: 5 | F99: 5.6 | G99: 76 | H99: 4.8 | I99: 12 | J99: 16.8 | K99: 92.8 | L99: 2.8 | P99: 35.270335 | Q99: 1.9390719 | R99: 2.1908902 | S99: 1.356466 | T99: 4.5607017 | U99: 4.586938 | V99: 3.2619013 | W99: 0.64420494 | AA99: 4.051152
A100: GH | B100: sand | C100: no | D100: C | E100: 1 | F100: 100 | G100: 2 | H100: 0 | I100: 0 | J100: 0 | K100: 2 | L100: 0 | P100: 18.234003
A101: Hoop | B101: native | C101: J | D101: B | E101: 10 | F101: 20 | G101: 44 | H101: 10.6 | I101: 4 | J101: 14.6 | K101: 58.6 | L101: 28.4 | M101: 269.90742 | N101: 356.20261 | O101: 512.86061 | P101: 34.393271 | Q101: 5.2998952 | R101: 8 | S101: 1.4621141 | T101: 0.73029674 | U101: 1.492202 | V101: 7.8827519 | W101: 7.757004 | X101: 100.50466 | Y101: 108.80248 | Z101: 172.95651 | AA101: 5.4330929
A102: Hoop | B102: native | C102: J | D102: C | E102: 2 | F102: 58 | G102: 4 | H102: 0 | I102: 0 | J102: 0 | K102: 4 | L102: 12.5 | P102: 10.323939 | Q102: 10 | R102: 0 | S102: 0 | T102: 0 | U102: 0 | V102: 0 | W102: 12.5 | AA102: 3.0936966
A103: Hoop | B103: native | C103: no | D103: B | E103: 5 | F103: 12 | G103: 54.4 | H103: 10.4 | I103: 4.4 | J103: 14.8 | K103: 69.2 | L103: 36.62 | P103: 35.273188 | Q103: 4.5607017 | R103: 6.5238026 | S103: 1.6 | T103: 1.4696938 | U103: 1.356466 | V103: 6.1514226 | W103: 5.9961988 | AA103: 6.4482412
A104: Hoop | B104: native | C104: no | D104: C | E104: 1 | F104: 80 | G104: 0 | H104: 0 | I104: 0 | J104: 0 | K104: 0 | L104: 0 | P104: 12.478133
A105: Hoop | B105: sand | C105: J | D105: B | E105: 10 | F105: 36.8 | G105: 38.8 | H105: 7.2 | I105: 3 | J105: 10.2 | K105: 49 | L105: 18.46 | P105: 30.027394 | Q105: 3.2 | R105: 5.0261538 | S105: 1.7435596 | T105: 0.68313005 | U105: 2.0099751 | V105: 5.6430882 | W105: 3.4456801 | AA105: 4.4740739
A106: Hoop | B106: sand | C106: J | D106: C | E106: 2 | F106: 62 | G106: 0 | H106: 0 | I106: 0 | J106: 0 | K106: 0 | L106: 0 | P106: 12.438375 | Q106: 10 | R106: 0 | S106: 0 | T106: 0 | U106: 0 | V106: 0 | W106: 0 | AA106: 4.9877596
A107: Hoop | B107: sand | C107: no | D107: B | E107: 5 | F107: 52 | G107: 26 | H107: 5.6 | I107: 3.2 | J107: 8.8 | K107: 34.8 | L107: 28.5 | P107: 25.789711 | Q107: 1.7888544 | R107: 7.0992957 | S107: 2.0396078 | T107: 0.48989795 | U107: 1.8547237 | V107: 6.2481997 | W107: 3.3052988 | AA107: 4.4475859
A108: Hoop | B108: sand | C108: no | D108: C | E108: 1 | F108: 96 | G108: 0 | H108: 0 | I108: 0 | J108: 0 | K108: 0 | L108: 0 | P108: 1.7377691
A109: Quesadilla | B109: native | C109: J | D109: B | E109: 10 | F109: 7.2 | G109: 73.2 | H109: 7.6 | I109: 4.2 | J109: 11.8 | K109: 85 | L109: 40.15 | M109: 338.94979 | N109: 395.22719 | O109: 537.59725 | P109: 37.005284 | Q109: 2.1333333 | R109: 3.7261836 | S109: 1.1075498 | T109: 1.2454361 | U109: 1.8245243 | V109: 2.8944391 | W109: 4.0654711 | X109: 53.139646 | Y109: 94.989528 | Z109: 99.497807 | AA109: 5.0857783
A110: Quesadilla | B110: native | C110: J | D110: C | E110: 2 | F110: 56 | G110: 2 | H110: 0 | I110: 0 | J110: 0 | K110: 2 | L110: 0 | P110: 8.7956708 | Q110: 24 | R110: 2 | S110: 0 | T110: 0 | U110: 0 | V110: 2 | W110: 0 | AA110: 3.5506158
A111: Quesadilla | B111: native | C111: no | D111: B | E111: 5 | F111: 2.4 | G111: 79.2 | H111: 14.4 | I111: 2 | J111: 16.4 | K111: 95.6 | L111: 67.7 | P111: 38.137531 | Q111: 1.6 | R111: 5.9866518 | S111: 3.7094474 | T111: 0.89442719 | U111: 4.4 | V111: 2.2271057 | W111: 6.3158531 | AA111: 5.5336032
A112: Quesadilla | B112: native | C112: no | D112: C | E112: 1 | F112: 56 | G112: 0 | H112: 0 | I112: 0 | J112: 0 | K112: 0 | L112: 0 | P112: 18.686313
A113: Quesadilla | B113: sand | C113: J | D113: B | E113: 10 | F113: 7.2 | G113: 81.6 | H113: 8.6 | I113: 1.8 | J113: 10.4 | K113: 92 | L113: 49.9 | P113: 33.995129 | Q113: 4.3736585 | R113: 5.3399958 | S113: 1.2666667 | T113: 0.81377037 | U113: 1.8086213 | V113: 4.3817805 | W113: 4.502962 | AA113: 4.3505526
A114: Quesadilla | B114: sand | C114: J | D114: C | E114: 2 | F114: 92 | G114: 0 | H114: 0 | I114: 0 | J114: 0 | K114: 0 | L114: 0 | P114: 9.9772161 | Q114: 4 | R114: 0 | S114: 0 | T114: 0 | U114: 0 | V114: 0 | W114: 0 | AA114: 1.0148264
A115: Quesadilla | B115: sand | C115: no | D115: B | E115: 5 | F115: 4.8 | G115: 81.6 | H115: 10.4 | I115: 1.6 | J115: 12 | K115: 93.6 | L115: 49.7 | P115: 33.880603 | Q115: 2.3323808 | R115: 2.712932 | S115: 1.6 | T115: 0.74833148 | U115: 1.6733201 | V115: 1.4696938 | W115: 4.9335586 | AA115: 5.0088348
A116: Quesadilla | B116: sand | C116: no | D116: C | E116: 1 | F116: 100 | G116: 0 | H116: 0 | I116: 0 | J116: 0 | K116: 0 | L116: 0 | P116: 1.9931369
A120: irrigation type | B120: soil | C120: N Rows | D120: Mean(tot chl a (665+750)) | E120: Std Err(tot chl a (665+750))
A121: Greenhouse | B121: native | C121: 18 | D121: 80.134679 | E121: 7.0368907
A122: Quesadilla | B122: native | C122: 18 | D122: 33.167675 | E122: 3.8914858
A123: Hoop House | B123: native | C123: 18 | D123: 30.745815 | E123: 4.0060177
A125: GH | B125: sand | C125: 18 | D125: 39.292606 | E125: 3.8477939
A126: Quesadilla | B126: sand | C126: 18 | D126: 29.51677 | E126: 3.6264266
A127: Hoop | B127: sand | C127: 18 | D127: 25.324279 | E127: 3.312498
A133: irrigation type | B133: soil | C133: N Rows | D133: Mean(% cyano_1 2) | E133: Mean(%lichen 2) | F133: Mean(%moss 2) | G133: Mean(%LS_1 2) | H133: Mean(%TotalBiocrust_1 2) | I133: Std Err(% cyano_1 2) | J133: Std Err(%lichen 2) | K133: Std Err(%moss 2) | L133: Std Err(%LS_1 2) | M133: Std Err(%TotalBiocrust_1 2)
...

Sheet stats table
A1: stats table
B2: % Bare | D2: % Plants | F2: % Cyanobacteria | H2: % Lichen | J2: % Moss | L2: % Total Biocrust | N2: Chlorophyll a | P2: LB EPS ug/G | R2: TB EPS ug/G | T2: Total EPS ug/G
B3: F Ratio | C3: Prob > F | D3: F Ratio | E3: Prob > F | F3: F Ratio | G3: Prob > F | H3: F Ratio | I3: Prob > F | J3: F Ratio | K3: Prob > F | L3: F Ratio | M3: Prob > F | N3: F Ratio | O3: Prob > F | P3: F Ratio | R3: F Ratio | S3: Prob > F | T3: F Ratio | U3: Prob > F
A4: Irrigation Type | B4: 57.9 | C4: <.0001 | D4: 101.5586 | E4: <.0001 | F4: 50.4221 | G4: <.0001 | H4: 7.2195 | I4: 0.0013 | J4: 58.6815 | K4: <.0001 | L4: 70.2109 | M4: <.0001 | N4: 22.94 | O4: <.0001 | P4: 2.9661 | Q4: 0.05 | R4: 0.7989 | S4: 0.5807 | T4: 1.4237 | U4: 0.2522
A5: Soil Typle | B5: 21.3 | C5: <.0001 | D5: 2.7326 | E5: 0.1023 | F5: 0.5268 | G5: 0.4701 | H5: 5.9119 | I5: 0.0173 | J5: 0.3172 | K5: 0.5749 | L5: 3.0781 | M5: 0.0833 | N5: 18.51 | O5: <.0001
A6: Jute | B6: 0.1 | C6: 0.8038 | D6: 7.2077 | E6: 0.0089 | F6: 0.1553 | G6: 0.6946 | H6: 2.5906 | I6: 0.1115 | J6: 4.43 | K6: 0.0385 | L6: 0.0236 | M6: 0.8784 | N6: 2.57 | O6: 0.112
A7: Irrigation * Soil | B7: 18.8 | C7: <.0001 | D7: 0.7696 | E7: 0.4667 | F7: 5.0709 | G7: 0.0085 | H7: 0.7928 | I7: 0.4562 | J7: 0.3067 | K7: 0.7368 | L7: 7.5238 | M7: 0.001 | N7: 8.39 | O7: 0.0004
A8: irrigation * Jute | B8: 1 | C8: 0.3704 | D8: 2.236 | E8: 0.1137 | F8: 0.1553 | G8: 0.8565 | H8: 2.3971 | I8: 0.0977 | J8: 3.0538 | K8: 0.0529 | L8: 0.8694 | M8: 0.4232 | N8: 2.01 | O8: 0.14
A9: Soil*Jute | B9: 2.4 | C9: 0.1233 | D9: 2.447 | E9: 0.1218 | F9: 0.5268 | G9: 0.4701 | H9: 2.8158 | I9: 0.0973 | J9: 0.1485 | K9: 0.701 | L9: 2.095 | M9: 0.1518 | N9: 0.15 | O9: 0.9
A10: Soil * Jute * Irrigation | B10: 4.0236 | C10: 0.0217 | D10: 2.9501 | E10: 0.0582 | F10: 2.9834 | G10: 0.0564 | H10: 0.2862 | I10: 0.7519 | J10: 0.6969 | K10: 0.5012 | L10: 2.3378 | M10: 0.1033 | N10: 0.65 | O10: 0.52
A16: irrigation type | B16: soil | C16: jute | D16: Inoc | E16: N Rows | F16: Mean(%Bare_1 2) | G16: Mean(% cyano_1 2) | H16: Mean(%lichen 2) | I16: Mean(%moss 2) | J16: Mean(%LS_1 2) | K16: Mean(%TotalBiocrust_1 2) | L16: Mean(% plant) | N16: Mean(Chl a) | O16: Mean(Average of LBug_g) | P16: Mean(Average of TBug_g) | Q16: Mean(Average of Gug_g) | R16: Std Err(%Bare_1 2) | S16: Std Err(%Bare_1 2) | T16: Std Err(% cyano_1 2) | U16: Std Err(%lichen 2) | V16: Std Err(%moss 2) | W16: Std Err(%LS_1 2) | X16: Std Err(%TotalBiocrust_1 2) | Y16: Std Err(% plant) | Z16: STD Chl a | AA16: Std Err(Average of LBug_g) | AB16: Std Err(Average of TBug_g) | AC16: Std Err(Average of Gug_g) | AD16: Std Err(Average of TBug)
A17: GH | B17: native | C17: J | D17: B | E17: 10 | F17: 4 | G17: 69.6 | H17: 5 | I17: 17.6 | J17: 22.6 | K17: 92.2 | L17: 3.85 | N17: 85.128709 | O17: 522.40948 | P17: 475.61886 | Q17: 652.5959 | R17: 0.95219046 | S17: 0.51639778 | T17: 2.5438379 | U17: 0.9067647 | V17: 1.6 | W17: 1.9333333 | X17: 1.4126413 | Y17: 0.28915586 | Z17: 5.6970789 | AA17: 161.98627 | AB17: 37.780617 | AC17: 68.934685 | AD17: 7.095558
A18: GH | B18: native | C18: J | D18: C | E18: 2 | F18: 48 | G18: 34 | H18: 1 | I18: 0 | J18: 1 | K18: 35 | L18: 0 | N18: 102.16825 | R18: 4 | S18: 8 | T18: 6 | U18: 1 | V18: 0 | W18: 1 | X18: 7 | Y18: 0 | Z18: 15.359993
A19: GH | B19: native | C19: no | D19: B | E19: 5 | F19: 8.4 | G19: 64 | H19: 8 | I19: 13.6 | J19: 21.6 | K19: 85.6 | L19: 3.5 | N19: 72.283018 | R19: 2.4979992 | S19: 1.8330303 | T19: 2.8284271 | U19: 2.1908902 | V19: 2.712932 | W19: 0.9797959 | X19: 3.4871192 | Y19: 0.2236068 | Z19: 19.017651
A20: GH | B20: native | C20: no | D20: C | E20: 1 | F20: 76 | G20: 16 | H20: 0 | I20: 0 | J20: 0 | K20: 16 | L20: 0 | N20: 25.385529
A21: GH | B21: sand | C21: J | D21: B | E21: 10 | F21: 6.8 | G21: 66.4 | H21: 5.2 | I21: 20.4 | J21: 25.6 | K21: 92 | L21: 3.3 | N21: 48.333525 | R21: 0.74236858 | S21: 2.8936713 | T21: 2.8095077 | U21: 0.9977753 | V21: 3.0081371 | W21: 3.1524241 | X21: 3.5901099 | Y21: 0.32659863 | Z21: 4.0660957
A22: GH | B22: sand | C22: J | D22: C | E22: 2 | F22: 100 | G22: 0 | H22: 0 | I22: 0 | J22: 0 | K22: 0 | L22: 0 | N22: 14.672993 | R22: 0 | S22: 0 | T22: 0 | U22: 0 | V22: 0 | W22: 0 | X22: 0 | Y22: 0 | Z22: 8.9520654
A23: GH | B23: sand | C23: no | D23: B | E23: 5 | F23: 5.6 | G23: 76 | H23: 4.8 | I23: 12 | J23: 16.8 | K23: 92.8 | L23: 2.8 | N23: 35.270335 | R23: 1.0954451 | S23: 1.9390719 | T23: 2.1908902 | U23: 1.356466 | V23: 4.5607017 | W23: 4.586938 | X23: 3.2619013 | Y23: 0.64420494 | Z23: 4.051152
A24: GH | B24: sand | C24: no | D24: C | E24: 1 | F24: 100 | G24: 2 | H24: 0 | I24: 0 | J24: 0 | K24: 2 | L24: 0 | N24: 18.234003
A25: Hoop | B25: native | C25: J | D25: B | E25: 10 | F25: 20 | G25: 44 | H25: 10.6 | I25: 4 | J25: 14.6 | K25: 58.6 | L25: 28.4 | N25: 34.393271 | O25: 269.90742 | P25: 356.20261 | Q25: 512.86061 | R25: 1.7888544 | S25: 5.2998952 | T25: 8 | U25: 1.4621141 | V25: 0.73029674 | W25: 1.492202 | X25: 7.8827519 | Y25: 7.757004 | Z25: 5.4330929 | AA25: 100.50466 | AB25: 108.80248 | AC25: 172.95651 | AD25: 19.337576
A26: Hoop | B26: native | C26: J | D26: C | E26: 2 | F26: 58 | G26: 4 | H26: 0 | I26: 0 | J26: 0 | K26: 4 | L26: 12.5 | N26: 10.323939 | R26: 30 | S26: 10 | T26: 0 | U26: 0 | V26: 0 | W26: 0 | X26: 0 | Y26: 12.5 | Z26: 3.0936966
A27: Hoop | B27: native | C27: no | D27: B | E27: 5 | F27: 12 | G27: 54.4 | H27: 10.4 | I27: 4.4 | J27: 14.8 | K27: 69.2 | L27: 36.62 | N27: 35.273188 | R27: 0.9797959 | S27: 4.5607017 | T27: 6.5238026 | U27: 1.6 | V27: 1.4696938 | W27: 1.356466 | X27: 6.1514226 | Y27: 5.9961988 | Z27: 6.4482412
A28: Hoop | B28: native | C28: no | D28: C | E28: 1 | F28: 80 | G28: 0 | H28: 0 | I28: 0 | J28: 0 | K28: 0 | L28: 0 | N28: 12.478133
A29: Hoop | B29: sand | C29: J | D29: B | E29: 10 | F29: 36.8 | G29: 38.8 | H29: 7.2 | I29: 3 | J29: 10.2 | K29: 49 | L29: 18.46 | N29: 30.027394 | R29: 0.4 | S29: 3.2 | T29: 5.0261538 | U29: 1.7435596 | V29: 0.68313005 | W29: 2.0099751 | X29: 5.6430882 | Y29: 3.4456801 | Z29: 4.4740739
A30: Hoop | B30: sand | C30: J | D30: C | E30: 2 | F30: 62 | G30: 0 | H30: 0 | I30: 0 | J30: 0 | K30: 0 | L30: 0 | N30: 12.438375 | R30: 0 | S30: 10 | T30: 0 | U30: 0 | V30: 0 | W30: 0 | X30: 0 | Y30: 0 | Z30: 4.9877596
A31: Hoop | B31: sand | C31: no | D31: B | E31: 5 | F31: 52 | G31: 26 | H31: 5.6 | I31: 3.2 | J31: 8.8 | K31: 34.8 | L31: 28.5 | N31: 25.789711 | R31: 0.8 | S31: 1.7888544 | T31: 7.0992957 | U31: 2.0396078 | V31: 0.48989795 | W31: 1.8547237 | X31: 6.2481997 | Y31: 3.3052988 | Z31: 4.4475859
A32: Hoop | B32: sand | C32: no | D32: C | E32: 1 | F32: 96 | G32: 0 | H32: 0 | I32: 0 | J32: 0 | K32: 0 | L32: 0 | N32: 1.7377691
A33: Quesadilla | B33: native | C33: J | D33: B | E33: 10 | F33: 7.2 | G33: 73.2 | H33: 7.6 | I33: 4.2 | J33: 11.8 | K33: 85 | L33: 40.15 | N33: 37.005284 | O33: 338.94979 | P33: 395.22719 | Q33: 537.59725 | R33: 9.8486322 | S33: 2.1333333 | T33: 3.7261836 | U33: 1.1075498 | V33: 1.2454361 | W33: 1.8245243 | X33: 2.8944391 | Y33: 4.0654711 | Z33: 5.0857783 | AA33: 53.139646 | AB33: 94.989528 | AC33: 99.497807 | AD33: 2.9290336
A34: Quesadilla | B34: native | C34: J | D34: C | E34: 2 | F34: 56 | G34: 2 | H34: 0 | I34: 0 | J34: 0 | K34: 2 | L34: 0 | N34: 8.7956708 | R34: 6 | S34: 24 | T34: 2 | U34: 0 | V34: 0 | W34: 0 | X34: 2 | Y34: 0 | Z34: 3.5506158
A35: Quesadilla | B35: native | C35: no | D35: B | E35: 5 | F35: 2.4 | G35: 79.2 | H35: 14.4 | I35: 2 | J35: 16.4 | K35: 95.6 | L35: 67.7 | N35: 38.137531 | R35: 4.2708313 | S35: 1.6 | T35: 5.9866518 | U35: 3.7094474 | V35: 0.89442719 | W35: 4.4 | X35: 2.2271057 | Y35: 6.3158531 | Z35: 5.5336032
A36: Quesadilla | B36: native | C36: no | D36: C | E36: 1 | F36: 56 | G36: 0 | H36: 0 | I36: 0 | J36: 0 | K36: 0 | L36: 0 | N36: 18.686313
A37: Quesadilla | B37: sand | C37: J | D37: B | E37: 10 | F37: 7.2 | G37: 81.6 | H37: 8.6 | I37: 1.8 | J37: 10.4 | K37: 92 | L37: 49.9 | N37: 33.995129 | R37: 2.2469733 | S37: 4.3736585 | T37: 5.3399958 | U37: 1.2666667 | V37: 0.81377037 | W37: 1.8086213 | X37: 4.3817805 | Y37: 4.502962 | Z37: 4.3505526
A38: Quesadilla | B38: sand | C38: J | D38: C | E38: 2 | F38: 92 | G38: 0 | H38: 0 | I38: 0 | J38: 0 | K38: 0 | L38: 0 | N38: 9.9772161 | R38: 2 | S38: 4 | T38: 0 | U38: 0 | V38: 0 | W38: 0 | X38: 0 | Y38: 0 | Z38: 1.0148264
A39: Quesadilla | B39: sand | C39: no | D39: B | E39: 5 | F39: 4.8 | G39: 81.6 | H39: 10.4 | I39: 1.6 | J39: 12 | K39: 93.6 | L39: 49.7 | N39: 33.880603 | R39: 21.525798 | S39: 2.3323808 | T39: 2.712932 | U39: 1.6 | V39: 0.74833148 | W39: 1.6733201 | X39: 1.4696938 | Y39: 4.9335586 | Z39: 5.0088348
A40: Quesadilla | B40: sand | C40: no | D40: C | E40: 1 | F40: 100 | G40: 0 | H40: 0 | I40: 0 | J40: 0 | K40: 0 | L40: 0 | N40: 1.9931369
A43: irrigation type | B43: soil type | C43: Jute/No | D43: Inoculum | E43: Replicates | F43: % Bare soil | G43: % Cyanobacteria | H43: % Lichen | I43: % Moss | J43: % LS | K43: %Total Biocrust | L43: % Plants | M43: Chlorophyll a (ug/g soil) | N43: Loosely Bound EPS (ug/g soil) | O43: Tightly bound EPS (Ug/g soil) | P43: Sheath PS (ug/g soil) | T43: Mean(LBug_g) | U43: Mean(TBug_g) | V43: Mean(Gug_g) | W43: Mean(EPS total ug_G) | X43: Std Err(LBug_g) | Y43: Std Err(TBug_g) | Z43: Std Err(Gug_g) | AA43: Std Err(EPS total ug_G)
A44: GH | B44: Native | C44: Jute | D44: Biocrust | E44: 10 | F44: =CONCATENATE(F71, " (", R71, ")") -> 4.0 (1.0) | G44: =CONCATENATE(G71, " (", S71, ")") -> 69.6 (0.5) | H44: =CONCATENATE(H71, " (", T71, ")") -> 5.0 (2.5) | I44: =CONCATENATE(I71, " (", U71, ")") -> 17.6 (0.9) | J44: =CONCATENATE(J71, " (", V71, ")") -> 22.6 (1.6) | K44: =CONCATENATE(K71, " (", W71, ")") -> 92.2 (1.4) | L44: =CONCATENATE(L71, " (", X71, ")") -> 3.9 (0.3) | M44: =CONCATENATE(N71, " (", Y71, ")") -> 85.1 (5.7) | N44: =CONCATENATE(T44, " (", X44, ")") -> 522.4 (88.5) | O44: =CONCATENATE(U44, " (", Y44, ")") -> 475.6 (22.8) | P44: =CONCATENATE(V44, " (", Z44, ")") -> 652.6 (40.9) | T44: =TEXT(summary!C148,"#,#0.0") -> 522.4 | U44: =TEXT(summary!D148,"#,#0.0") -> 475.6 | V44: =TEXT(summary!E148,"#,#0.0") -> 652.6 | W44: =TEXT(summary!F148,"#,#0.0") -> 1,650.6 | X44: =TEXT(summary!G148,"#,#0.0") -> 88.5 | Y44: =TEXT(summary!H148,"#,#0.0") -> 22.8 | Z44: =TEXT(summary!I148,"#,#0.0") -> 40.9 | AA44: =TEXT(summary!J148,"#,#0.0") -> 82.9
A45: GH | B45: Native | C45: Jute | D45: Control | E45: 2 | F45: =CONCATENATE(F72, " (", R72, ")") -> 48.0 (4.0) | G45: =CONCATENATE(G72, " (", S72, ")") -> 34.0 (8.0) | H45: =CONCATENATE(H72, " (", T72, ")") -> 1.0 (6.0) | I45: =CONCATENATE(I72, " (", U72, ")") -> 0.0 (1.0) | J45: =CONCATENATE(J72, " (", V72, ")") -> 1.0 (0.0) | K45: =CONCATENATE(K72, " (", W72, ")") -> 35.0 (7.0) | L45: =CONCATENATE(L72, " (", X72, ")") -> 0.0 (0.0) | M45: =CONCATENATE(N72, " (", Y72, ")") -> 102.2 (15.4) | T45: =TEXT(summary!C149,"#,#0.0") -> 339.0 | U45: =TEXT(summary!D149,"#,#0.0") -> 395.2 | V45: =TEXT(summary!E149,"#,#0.0") -> 537.6 | W45: =TEXT(summary!F149,"#,#0.0") -> 1,271.8 | X45: =TEXT(summary!G149,"#,#0.0") -> 33.4 | Y45: =TEXT(summary!H149,"#,#0.0") -> 53.6 | Z45: =TEXT(summary!I149,"#,#0.0") -> 54.7 | AA45: =TEXT(summary!J149,"#,#0.0") -> 132.3
A46: GH | B46: Native | C46: No Jute | D46: Biocrust | E46: 5 | F46: =CONCATENATE(F73, " (", R73, ")") -> 8.4 (2.5) | G46: =CONCATENATE(G73, " (", S73, ")") -> 64.0 (1.8) | H46: =CONCATENATE(H73, " (", T73, ")") -> 8.0 (2.8) | I46: =CONCATENATE(I73, " (", U73, ")") -> 13.6 (2.2) | J46: =CONCATENATE(J73, " (", V73, ")") -> 21.6 (2.7) | K46: =CONCATENATE(K73, " (", W73, ")") -> 85.6 (3.5) | L46: =CONCATENATE(L73, " (", X73, ")") -> 3.5 (0.2) | M46: =CONCATENATE(N73, " (", Y73, ")") -> 72.3 (19.0) | T46: =TEXT(summary!C150,"#,#0.0") -> 269.9 | U46: =TEXT(summary!D150,"#,#0.0") -> 356.2 | V46: =TEXT(summary!E150,"#,#0.0") -> 512.9 | W46: =TEXT(summary!F150,"#,#0.0") -> 1,139.0 | X46: =TEXT(summary!G150,"#,#0.0") -> 91.0 | Y46: =TEXT(summary!H150,"#,#0.0") -> 102.6 | Z46: =TEXT(summary!I150,"#,#0.0") -> 160.1 | AA46: =TEXT(summary!J150,"#,#0.0") -> 352.4
A47: GH | B47: Native | C47: No Jute | D47: Control | E47: 1 | F47: =CONCATENATE(F74, " (", R74, ")") -> 76.0 (0.0) | G47: =CONCATENATE(G74, " (", S74, ")") -> 16.0 (0.0) | H47: =CONCATENATE(H74, " (", T74, ")") -> 0.0 (0.0) | I47: =CONCATENATE(I74, " (", U74, ")") -> 0.0 (0.0) | J47: =CONCATENATE(J74, " (", V74, ")") -> 0.0 (0.0) | K47: =CONCATENATE(K74, " (", W74, ")") -> 16.0 (0.0) | L47: =CONCATENATE(L74, " (", X74, ")") -> 0.0 (0.0) | M47: =CONCATENATE(N74, " (", Y74, ")") -> 25.4 (0.0)
A48: GH | B48: Sand | C48: Jute | D48: Biocrust | E48: 10 | F48: =CONCATENATE(F75, " (", R75, ")") -> 6.8 (0.7) | G48: =CONCATENATE(G75, " (", S75, ")") -> 66.4 (2.9) | H48: =CONCATENATE(H75, " (", T75, ")") -> 5.2 (2.8) | I48: =CONCATENATE(I75, " (", U75, ")") -> 20.4 (1.0) | J48: =CONCATENATE(J75, " (", V75, ")") -> 25.6 (3.0) | K48: =CONCATENATE(K75, " (", W75, ")") -> 92.0 (3.6) | L48: =CONCATENATE(L75, " (", X75, ")") -> 3.3 (0.3) | M48: =CONCATENATE(N75, " (", Y75, ")") -> 48.3 (4.1)
A49: GH | B49: Sand | C49: Jute | D49: Control | E49: 2 | F49: =CONCATENATE(F76, " (", R76, ")") -> 100.0 (0.0) | G49: =CONCATENATE(G76, " (", S76, ")") -> 0.0 (0.0) | H49: =CONCATENATE(H76, " (", T76, ")") -> 0.0 (0.0) | I49: =CONCATENATE(I76, " (", U76, ")") -> 0.0 (0.0) | J49: =CONCATENATE(J76, " (", V76, ")") -> 0.0 (0.0) | K49: =CONCATENATE(K76, " (", W76, ")") -> 0.0 (0.0) | L49: =CONCATENATE(L76, " (", X76, ")") -> 0.0 (0.0) | M49: =CONCATENATE(N76, " (", Y76, ")") -> 14.7 (9.0)
A50: GH | B50: Sand | C50: No Jute | D50: Biocrust | E50: 5 | F50: =CONCATENATE(F77, " (", R77, ")") -> 5.6 (1.1) | G50: =CONCATENATE(G77, " (", S77, ")") -> 76.0 (1.9) | H50: =CONCATENATE(H77, " (", T77, ")") -> 4.8 (2.2) | I50: =CONCATENATE(I77, " (", U77, ")") -> 12.0 (1.4) | J50: =CONCATENATE(J77, " (", V77, ")") -> 16.8 (4.6) | K50: =CONCATENATE(K77, " (", W77, ")") -> 92.8 (3.3) | L50: =CONCATENATE(L77, " (", X77, ")") -> 2.8 (0.6) | M50: =CONCATENATE(N77, " (", Y77, ")") -> 35.3 (4.1)
A51: GH | B51: Sand | C51: No Jute | D51: Control | E51: 1 | F51: =CONCATENATE(F78, " (", R78, ")") -> 100.0 (0.0) | G51: =CONCATENATE(G78, " (", S78, ")") -> 2.0 (0.0) | H51: =CONCATENATE(H78, " (", T78, ")") -> 0.0 (0.0) | I51: =CONCATENATE(I78, " (", U78, ")") -> 0.0 (0.0) | J51: =CONCATENATE(J78, " (", V78, ")") -> 0.0 (0.0) | K51: =CONCATENATE(K78, " (", W78, ")") -> 2.0 (0.0) | L51: =CONCATENATE(L78, " (", X78, ")") -> 0.0 (0.0) | M51: =CONCATENATE(N78, " (", Y78, ")") -> 18.2 (0.0)
A52: Quesadilla | B52: Native | C52: Jute | D52: Biocrust | E52: 10 | F52: =CONCATENATE(F79, " (", R79, ")") -> 20.0 (1.8) | G52: =CONCATENATE(G79, " (", S79, ")") -> 44.0 (5.3) | H52: =CONCATENATE(H79, " (", T79, ")") -> 10.6 (8.0) | I52: =CONCATENATE(I79, " (", U79, ")") -> 4.0 (1.5) | J52: =CONCATENATE(J79, " (", V79, ")") -> 14.6 (0.7) | K52: =CONCATENATE(K79, " (", W79, ")") -> 58.6 (7.9) | L52: =CONCATENATE(L79, " (", X79, ")") -> 28.4 (7.8) | M52: =CONCATENATE(N79, " (", Y79, ")") -> 34.4 (5.4) | N52: =CONCATENATE(O79, " (", Z79, ")") -> 269.9 (100.5) | O52: =CONCATENATE(P79, " (", AA79, ")") -> 356.2 (108.8) | P52: =CONCATENATE(Q79, " (", AB79, ")") -> 512.9 (173.0)
A53: Quesadilla | B53: Native | C53: Jute | D53: Control | E53: 2 | F53: =CONCATENATE(F80, " (", R80, ")") -> 58.0 (30.0) | G53: =CONCATENATE(G80, " (", S80, ")") -> 4.0 (10.0) | H53: =CONCATENATE(H80, " (", T80, ")") -> 0.0 (0.0) | I53: =CONCATENATE(I80, " (", U80, ")") -> 0.0 (0.0) | J53: =CONCATENATE(J80, " (", V80, ")") -> 0.0 (0.0) | K53: =CONCATENATE(K80, " (", W80, ")") -> 4.0 (0.0) | L53: =CONCATENATE(L80, " (", X80, ")") -> 12.5 (12.5) | M53: =CONCATENATE(N80, " (", Y80, ")") -> 10.3 (3.1)
A54: Quesadilla | B54: Native | C54: No Jute | D54: Biocrust | E54: 5 | F54: =CONCATENATE(F81, " (", R81, ")") -> 12.0 (1.0) | G54: =CONCATENATE(G81, " (", S81, ")") -> 54.4 (4.6) | H54: =CONCATENATE(H81, " (", T81, ")") -> 10.4 (6.5) | I54: =CONCATENATE(I81, " (", U81, ")") -> 4.4 (1.6) | J54: =CONCATENATE(J81, " (", V81, ")") -> 14.8 (1.5) | K54: =CONCATENATE(K81, " (", W81, ")") -> 69.2 (6.2) | L54: =CONCATENATE(L81, " (", X81, ")") -> 36.6 (6.0) | M54: =CONCATENATE(N81, " (", Y81, ")") -> 35.3 (6.4)
A55: Quesadilla | B55: Native | C55: No Jute | D55: Control | E55: 1 | F55: =CONCATENATE(F82, " (", R82, ")") -> 80.0 (0.0) | G55: =CONCATENATE(G82, " (", S82, ")") -> 0.0 (0.0) | H55: =CONCATENATE(H82, " (", T82, ")") -> 0.0 (0.0) | I55: =CONCATENATE(I82, " (", U82, ")") -> 0.0 (0.0) | J55: =CONCATENATE(J82, " (", V82, ")") -> 0.0 (0.0) | K55: =CONCATENATE(K82, " (", W82, ")") -> 0.0 (0.0) | L55: =CONCATENATE(L82, " (", X82, ")") -> 0.0 (0.0) | M55: =CONCATENATE(N82, " (", Y82, ")") -> 12.5 (0.0)
A56: Quesadilla | B56: Sand | C56: Jute | D56: Biocrust | E56: 10 | F56: =CONCATENATE(F83, " (", R83, ")") -> 36.8 (0.4) | G56: =CONCATENATE(G83, " (", S83, ")") -> 38.8 (3.2) | H56: =CONCATENATE(H83, " (", T83, ")") -> 7.2 (5.0) | I56: =CONCATENATE(I83, " (", U83, ")") -> 3.0 (1.7) | J56: =CONCATENATE(J83, " (", V83, ")") -> 10.2 (0.7) | K56: =CONCATENATE(K83, " (", W83, ")") -> 49.0 (5.6) | L56: =CONCATENATE(L83, " (", X83, ")") -> 18.5 (3.4) | M56: =CONCATENATE(N83, " (", Y83, ")") -> 30.0 (4.5)
A57: Quesadilla | B57: Sand | C57: Jute | D57: Control | E57: 2 | F57: =CONCATENATE(F84, " (", R84, ")") -> 62.0 (0.0) | G57: =CONCATENATE(G84, " (", S84, ")") -> 0.0 (10.0) | H57: =CONCATENATE(H84, " (", T84, ")") -> 0.0 (0.0) | I57: =CONCATENATE(I84, " (", U84, ")") -> 0.0 (0.0) | J57: =CONCATENATE(J84, " (", V84, ")") -> 0.0 (0.0) | K57: =CONCATENATE(K84, " (", W84, ")") -> 0.0 (0.0) | L57: =CONCATENATE(L84, " (", X84, ")") -> 0.0 (0.0) | M57: =CONCATENATE(N84, " (", Y84, ")") -> 12.4 (5.0)
A58: Quesadilla | B58: Sand | C58: No Jute | D58: Biocrust | E58: 5 | F58: =CONCATENATE(F85, " (", R85, ")") -> 52.0 (0.8) | G58: =CONCATENATE(G85, " (", S85, ")") -> 26.0 (1.8) | H58: =CONCATENATE(H85, " (", T85, ")") -> 5.6 (7.1) | I58: =CONCATENATE(I85, " (", U85, ")") -> 3.2 (2.0) | J58: =CONCATENATE(J85, " (", V85, ")") -> 8.8 (0.5) | K58: =CONCATENATE(K85, " (", W85, ")") -> 34.8 (6.2) | L58: =CONCATENATE(L85, " (", X85, ")") -> 28.5 (3.3) | M58: =CONCATENATE(N85, " (", Y85, ")") -> 25.8 (4.4)
A59: Quesadilla | B59: Sand | C59: No Jute | D59: Control | E59: 1 | F59: =CONCATENATE(F86, " (", R86, ")") -> 96.0 (0.0) | G59: =CONCATENATE(G86, " (", S86, ")") -> 0.0 (0.0) | H59: =CONCATENATE(H86, " (", T86, ")") -> 0.0 (0.0) | I59: =CONCATENATE(I86, " (", U86, ")") -> 0.0 (0.0) | J59: =CONCATENATE(J86, " (", V86, ")") -> 0.0 (0.0) | K59: =CONCATENATE(K86, " (", W86, ")") -> 0.0 (0.0) | L59: =CONCATENATE(L86, " (", X86, ")") -> 0.0 (0.0) | M59: =CONCATENATE(N86, " (", Y86, ")") -> 1.7 (0.0)
A60: Hoop | B60: Native | C60: Jute | D60: Biocrust | E60: 10 | F60: =CONCATENATE(F87, " (", R87, ")") -> 7.2 (9.8) | G60: =CONCATENATE(G87, " (", S87, ")") -> 73.2 (2.1) | H60: =CONCATENATE(H87, " (", T87, ")") -> 7.6 (3.7) | I60: =CONCATENATE(I87, " (", U87, ")") -> 4.2 (1.1) | J60: =CONCATENATE(J87, " (", V87, ")") -> 11.8 (1.2) | K60: =CONCATENATE(K87, " (", W87, ")") -> 85.0 (2.9) | L60: =CONCATENATE(L87, " (", X87, ")") -> 40.2 (4.1) | M60: =CONCATENATE(N87, " (", Y87, ")") -> 37.0 (5.1) | N60: =CONCATENATE(T46, " (", X46, ")") -> 269.9 (91.0) | O60: =CONCATENATE(U46, " (", Y46, ")") -> 356.2 (102.6) | P60: =CONCATENATE(V46, " (", Z46, ")") -> 512.9 (160.1)
A61: Hoop | B61: Native | C61: Jute | D61: Control | E61: 2 | F61: =CONCATENATE(F88, " (", R88, ")") -> 56.0 (6.0) | G61: =CONCATENATE(G88, " (", S88, ")") -> 2.0 (24.0) | H61: =CONCATENATE(H88, " (", T88, ")") -> 0.0 (2.0) | I61: =CONCATENATE(I88, " (", U88, ")") -> 0.0 (0.0) | J61: =CONCATENATE(J88, " (", V88, ")") -> 0.0 (0.0) | K61: =CONCATENATE(K88, " (", W88, ")") -> 2.0 (2.0) | L61: =CONCATENATE(L88, " (", X88, ")") -> 0.0 (0.0) | M61: =CONCATENATE(N88, " (", Y88, ")") -> 8.8 (3.6)
A62: Hoop | B62: Native | C62: No Jute | D62: Biocrust | E62: 5 | F62: =CONCATENATE(F89, " (", R89, ")") -> 2.4 (4.3) | G62: =CONCATENATE(G89, " (", S89, ")") -> 79.2 (1.6) | H62: =CONCATENATE(H89, " (", T89, ")") -> 14.4 (6.0) | I62: =CONCATENATE(I89, " (", U89, ")") -> 2.0 (3.7) | J62: =CONCATENATE(J89, " (", V89, ")") -> 16.4 (0.9) | K62: =CONCATENATE(K89, " (", W89, ")") -> 95.6 (2.2) | L62: =CONCATENATE(L89, " (", X89, ")") -> 67.7 (6.3) | M62: =CONCATENATE(N89, " (", Y89, ")") -> 38.1 (5.5)
A63: Hoop | B63: Native | C63: No Jute | D63: Control | E63: 1 | F63: =CONCATENATE(F90, " (", R90, ")") -> 56.0 (0.0) | G63: =CONCATENATE(G90, " (", S90, ")") -> 0.0 (0.0) | H63: =CONCATENATE(H90, " (", T90, ")") -> 0.0 (0.0) | I63: =CONCATENATE(I90, " (", U90, ")") -> 0.0 (0.0) | J63: =CONCATENATE(J90, " (", V90, ")") -> 0.0 (0.0) | K63: =CONCATENATE(K90, " (", W90, ")") -> 0.0 (0.0) | L63: =CONCATENATE(L90, " (", X90, ")") -> 0.0 (0.0) | M63: =CONCATENATE(N90, " (", Y90, ")") -> 18.7 (0.0)
A64: Hoop | B64: Sand | C64: Jute | D64: Biocrust | E64: 10 | F64: =CONCATENATE(F91, " (", R91, ")") -> 7.2 (2.2) | G64: =CONCATENATE(G91, " (", S91, ")") -> 81.6 (4.4) | H64: =CONCATENATE(H91, " (", T91, ")") -> 8.6 (5.3) | I64: =CONCATENATE(I91, " (", U91, ")") -> 1.8 (1.3) | J64: =CONCATENATE(J91, " (", V91, ")") -> 10.4 (0.8) | K64: =CONCATENATE(K91, " (", W91, ")") -> 92.0 (4.4) | L64: =CONCATENATE(L91, " (", X91, ")") -> 49.9 (4.5) | M64: =CONCATENATE(N91, " (", Y91, ")") -> 34.0 (4.4)
A65: Hoop | B65: Sand | C65: Jute | D65: Control | E65: 2 | F65: =CONCATENATE(F92, " (", R92, ")") -> 92.0 (2.0) | G65: =CONCATENATE(G92, " (", S92, ")") -> 0.0 (4.0) | H65: =CONCATENATE(H92, " (", T92, ")") -> 0.0 (0.0) | I65: =CONCATENATE(I92, " (", U92, ")") -> 0.0 (0.0) | J65: =CONCATENATE(J92, " (", V92, ")") -> 0.0 (0.0) | K65: =CONCATENATE(K92, " (", W92, ")") -> 0.0 (0.0) | L65: =CONCATENATE(L92, " (", X92, ")") -> 0.0 (0.0) | M65: =CONCATENATE(N92, " (", Y92, ")") -> 10.0 (1.0)
A66: Hoop | B66: Sand | C66: No Jute | D66: Biocrust | E66: 5 | F66: =CONCATENATE(F93, " (", R93, ")") -> 4.8 (21.5) | G66: =CONCATENATE(G93, " (", S93, ")") -> 81.6 (2.3) | H66: =CONCATENATE(H93, " (", T93, ")") -> 10.4 (2.7) | I66: =CONCATENATE(I93, " (", U93, ")") -> 1.6 (1.6) | J66: =CONCATENATE(J93, " (", V93, ")") -> 12.0 (0.7) | K66: =CONCATENATE(K93, " (", W93, ")") -> 93.6 (1.5) | L66: =CONCATENATE(L93, " (", X93, ")") -> 49.7 (4.9) | M66: =CONCATENATE(N93, " (", Y93, ")") -> 33.9 (5.0)
A67: Hoop | B67: Sand | C67: No Jute | D67: Control | E67: 1 | F67: =CONCATENATE(F94, " (", R94, ")") -> 100.0 (0.0) | G67: =CONCATENATE(G94, " (", S94, ")") -> 0.0 (0.0) | H67: =CONCATENATE(H94, " (", T94, ")") -> 0.0 (0.0) | I67: =CONCATENATE(I94, " (", U94, ")") -> 0.0 (0.0) | J67: =CONCATENATE(J94, " (", V94, ")") -> 0.0 (0.0) | K67: =CONCATENATE(K94, " (", W94, ")") -> 0.0 (0.0) | L67: =CONCATENATE(L94, " (", X94, ")") -> 0.0 (0.0) | M67: =CONCATENATE(N94, " (", Y94, ")") -> 2.0 (0.0)
A70: irrigation type | B70: soil type | C70: Jute/No | D70: Inoculum | E70: Replicates | F70: Mean(%Bare_1 2) | G70: Mean(% cyano_1 2) | H70: Mean(%lichen 2) | I70: Mean(%moss 2) | J70: Mean(%LS_1 2) | K70: Mean(%TotalBiocrust_1 2) | L70: Mean(% plant) | N70: Mean(Chl a) | O70: Mean(Average of LBug_g) | P70: Mean(Average of TBug_g) | Q70: Mean(Average of Gug_g) | R70: Std Err(%Bare_1 2) | S70: Std Err(% cyano_1 2) | T70: Std Err(%lichen 2) | U70: Std Err(%moss 2) | V70: Std Err(%LS_1 2) | W70: Std Err(%TotalBiocrust_1 2) | X70: Std Err(% plant) | Y70: Std Err(Chl a) | Z70: Std Err(Average of LBug_g) | AA70: Std Err(Average of TBug_g) | AB70: Std Err(Average of Gug_g) | AC70: Std Err(Average of TBug)
A71: GH | B71: Native | C71: Jute | D71: Biocrust | E71: 10 | F71: =TEXT(F17,"#,#0.0") -> 4.0 | G71: =TEXT(G17,"#,#0.0") -> 69.6 | H71: =TEXT(H17,"#,#0.0") -> 5.0 | I71: =TEXT(I17,"#,#0.0") -> 17.6 | J71: =TEXT(J17,"#,#0.0") -> 22.6 | K71: =TEXT(K17,"#,#0.0") -> 92.2 | L71: =TEXT(L17,"#,#0.0") -> 3.9 | N71: =TEXT(N17,"#,#0.0") -> 85.1 | O71: =TEXT(O17,"#,#0.0") -> 522.4 | P71: =TEXT(P17,"#,#0.0") -> 475.6 | Q71: =TEXT(Q17,"#,#0.0") -> 652.6 | R71: =TEXT(R17,"#,#0.0") -> 1.0 | S71: =TEXT(S17,"#,#0.0") -> 0.5 | T71: =TEXT(T17,"#,#0.0") -> 2.5 | U71: =TEXT(U17,"#,#0.0") -> 0.9 | V71: =TEXT(V17,"#,#0.0") -> 1.6 | W71: =TEXT(X17,"#,#0.0") -> 1.4 | X71: =TEXT(Y17,"#,#0.0") -> 0.3 | Y71: =TEXT(Z17,"#,#0.0") -> 5.7 | Z71: =TEXT(AA17,"#,#0.0") -> 162.0 | AA71: =TEXT(AB17,"#,#0.0") -> 37.8 | AB71: =TEXT(AC17,"#,#0.0") -> 68.9 | AC71: =TEXT(AD17,"#,#0.0") -> 7.1
A72: GH | B72: Native | C72: Jute | D72: Control | E72: 2 | F72: =TEXT(F18,"#,#0.0") -> 48.0 | G72: =TEXT(G18,"#,#0.0") -> 34.0 | H72: =TEXT(H18,"#,#0.0") -> 1.0 | I72: =TEXT(I18,"#,#0.0") -> 0.0 | J72: =TEXT(J18,"#,#0.0") -> 1.0 | K72: =TEXT(K18,"#,#0.0") -> 35.0 | L72: =TEXT(L18,"#,#0.0") -> 0.0 | N72: =TEXT(N18,"#,#0.0") -> 102.2 | O72: =TEXT(O18,"#,#0.0") -> 0.0 | P72: =TEXT(P18,"#,#0.0") -> 0.0 | Q72: =TEXT(Q18,"#,#0.0") -> 0.0 | R72: =TEXT(R18,"#,#0.0") -> 4.0 | S72: =TEXT(S18,"#,#0.0") -> 8.0 | T72: =TEXT(T18,"#,#0.0") -> 6.0 | U72: =TEXT(U18,"#,#0.0") -> 1.0 | V72: =TEXT(V18,"#,#0.0") -> 0.0 | W72: =TEXT(X18,"#,#0.0") -> 7.0 | X72: =TEXT(Y18,"#,#0.0") -> 0.0 | Y72: =TEXT(Z18,"#,#0.0") -> 15.4 | Z72: =TEXT(AA18,"#,#0.0") -> 0.0 | AA72: =TEXT(AB18,"#,#0.0") -> 0.0 | AB72: =TEXT(AC18,"#,#0.0") -> 0.0 | AC72: =TEXT(AD18,"#,#0.0") -> 0.0
A73: GH | B73: Native | C73: No Jute | D73: Biocrust | E73: 5 | F73: =TEXT(F19,"#,#0.0") -> 8.4 | G73: =TEXT(G19,"#,#0.0") -> 64.0 | H73: =TEXT(H19,"#,#0.0") -> 8.0 | I73: =TEXT(I19,"#,#0.0") -> 13.6 | J73: =TEXT(J19,"#,#0.0") -> 21.6 | K73: =TEXT(K19,"#,#0.0") -> 85.6 | L73: =TEXT(L19,"#,#0.0") -> 3.5 | N73: =TEXT(N19,"#,#0.0") -> 72.3 | O73: =TEXT(O19,"#,#0.0") -> 0.0 | P73: =TEXT(P19,"#,#0.0") -> 0.0 | Q73: =TEXT(Q19,"#,#0.0") -> 0.0 | R73: =TEXT(R19,"#,#0.0") -> 2.5 | S73: =TEXT(S19,"#,#0.0") -> 1.8 | T73: =TEXT(T19,"#,#0.0") -> 2.8 | U73: =TEXT(U19,"#,#0.0") -> 2.2 | V73: =TEXT(V19,"#,#0.0") -> 2.7 | W73: =TEXT(X19,"#,#0.0") -> 3.5 | X73: =TEXT(Y19,"#,#0.0") -> 0.2 | Y73: =TEXT(Z19,"#,#0.0") -> 19.0 | Z73: =TEXT(AA19,"#,#0.0") -> 0.0 | AA73: =TEXT(AB19,"#,#0.0") -> 0.0 | AB73: =TEXT(AC19,"#,#0.0") -> 0.0 | AC73: =TEXT(AD19,"#,#0.0") -> 0.0
A74: GH | B74: Native | C74: No Jute | D74: Control | E74: 1 | F74: =TEXT(F20,"#,#0.0") -> 76.0 | G74: =TEXT(G20,"#,#0.0") -> 16.0 | H74: =TEXT(H20,"#,#0.0") -> 0.0 | I74: =TEXT(I20,"#,#0.0") -> 0.0 | J74: =TEXT(J20,"#,#0.0") -> 0.0 | K74: =TEXT(K20,"#,#0.0") -> 16.0 | L74: =TEXT(L20,"#,#0.0") -> 0.0 | N74: =TEXT(N20,"#,#0.0") -> 25.4 | O74: =TEXT(O20,"#,#0.0") -> 0.0 | P74: =TEXT(P20,"#,#0.0") -> 0.0 | Q74: =TEXT(Q20,"#,#0.0") -> 0.0 | R74: =TEXT(R20,"#,#0.0") -> 0.0 | S74: =TEXT(S20,"#,#0.0") -> 0.0 | T74: =TEXT(T20,"#,#0.0") -> 0.0 | U74: =TEXT(U20,"#,#0.0") -> 0.0 | V74: =TEXT(V20,"#,#0.0") -> 0.0 | W74: =TEXT(X20,"#,#0.0") -> 0.0 | X74: =TEXT(Y20,"#,#0.0") -> 0.0 | Y74: =TEXT(Z20,"#,#0.0") -> 0.0 | Z74: =TEXT(AA20,"#,#0.0") -> 0.0 | AA74: =TEXT(AB20,"#,#0.0") -> 0.0 | AB74: =TEXT(AC20,"#,#0.0") -> 0.0 | AC74: =TEXT(AD20,"#,#0.0") -> 0.0
A75: GH | B75: Sand | C75: Jute | D75: Biocrust | E75: 10 | F75: =TEXT(F21,"#,#0.0") -> 6.8 | G75: =TEXT(G21,"#,#0.0") -> 66.4 | H75: =TEXT(H21,"#,#0.0") -> 5.2 | I75: =TEXT(I21,"#,#0.0") -> 20.4 | J75: =TEXT(J21,"#,#0.0") -> 25.6 | K75: =TEXT(K21,"#,#0.0") -> 92.0 | L75: =TEXT(L21,"#,#0.0") -> 3.3 | N75: =TEXT(N21,"#,#0.0") -> 48.3 | O75: =TEXT(O21,"#,#0.0") -> 0.0 | P75: =TEXT(P21,"#,#0.0") -> 0.0 | Q75: =TEXT(Q21,"#,#0.0") -> 0.0 | R75: =TEXT(R21,"#,#0.0") -> 0.7 | S75: =TEXT(S21,"#,#0.0") -> 2.9 | T75: =TEXT(T21,"#,#0.0") -> 2.8 | U75: =TEXT(U21,"#,#0.0") -> 1.0 | V75: =TEXT(V21,"#,#0.0") -> 3.0 | W75: =TEXT(X21,"#,#0.0") -> 3.6 | X75: =TEXT(Y21,"#,#0.0") -> 0.3 | Y75: =TEXT(Z21,"#,#0.0") -> 4.1 | Z75: =TEXT(AA21,"#,#0.0") -> 0.0 | AA75: =TEXT(AB21,"#,#0.0") -> 0.0 | AB75: =TEXT(AC21,"#,#0.0") -> 0.0 | AC75: =TEXT(AD21,"#,#0.0") -> 0.0
A76: GH | B76: Sand | C76: Jute | D76: Control | E76: 2 | F76: =TEXT(F22,"#,#0.0") -> 100.0 | G76: =TEXT(G22,"#,#0.0") -> 0.0 | H76: =TEXT(H22,"#,#0.0") -> 0.0 | I76: =TEXT(I22,"#,#0.0") -> 0.0 | J76: =TEXT(J22,"#,#0.0") -> 0.0 | K76: =TEXT(K22,"#,#0.0") -> 0.0 | L76: =TEXT(L22,"#,#0.0") -> 0.0 | N76: =TEXT(N22,"#,#0.0") -> 14.7 | O76: =TEXT(O22,"#,#0.0") -> 0.0 | P76: =TEXT(P22,"#,#0.0") -> 0.0 | Q76: =TEXT(Q22,"#,#0.0") -> 0.0 | R76: =TEXT(R22,"#,#0.0") -> 0.0 | S76: =TEXT(S22,"#,#0.0") -> 0.0 | T76: =TEXT(T22,"#,#0.0") -> 0.0 | U76: =TEXT(U22,"#,#0.0") -> 0.0 | V76: =TEXT(V22,"#,#0.0") -> 0.0 | W76: =TEXT(X22,"#,#0.0") -> 0.0 | X76: =TEXT(Y22,"#,#0.0") -> 0.0 | Y76: =TEXT(Z22,"#,#0.0") -> 9.0 | Z76: =TEXT(AA22,"#,#0.0") -> 0.0 | AA76: =TEXT(AB22,"#,#0.0") -> 0.0 | AB76: =TEXT(AC22,"#,#0.0") -> 0.0 | AC76: =TEXT(AD22,"#,#0.0") -> 0.0
A77: GH | B77: Sand | C77: No Jute | D77: Biocrust | E77: 5 | F77: =TEXT(F23,"#,#0.0") -> 5.6 | G77: =TEXT(G23,"#,#0.0") -> 76.0 | H77: =TEXT(H23,"#,#0.0") -> 4.8 | I77: =TEXT(I23,"#,#0.0") -> 12.0 | J77: =TEXT(J23,"#,#0.0") -> 16.8 | K77: =TEXT(K23,"#,#0.0") -> 92.8 | L77: =TEXT(L23,"#,#0.0") -> 2.8 | N77: =TEXT(N23,"#,#0.0") -> 35.3 | O77: =TEXT(O23,"#,#0.0") -> 0.0 | P77: =TEXT(P23,"#,#0.0") -> 0.0 | Q77: =TEXT(Q23,"#,#0.0") -> 0.0 | R77: =TEXT(R23,"#,#0.0") -> 1.1 | S77: =TEXT(S23,"#,#0.0") -> 1.9 | T77: =TEXT(T23,"#,#0.0") -> 2.2 | U77: =TEXT(U23,"#,#0.0") -> 1.4 | V77: =TEXT(V23,"#,#0.0") -> 4.6 | W77: =TEXT(X23,"#,#0.0") -> 3.3 | X77: =TEXT(Y23,"#,#0.0") -> 0.6 | Y77: =TEXT(Z23,"#,#0.0") -> 4.1 | Z77: =TEXT(AA23,"#,#0.0") -> 0.0 | AA77: =TEXT(AB23,"#,#0.0") -> 0.0 | AB77: =TEXT(AC23,"#,#0.0") -> 0.0 | AC77: =TEXT(AD23,"#,#0.0") -> 0.0
A78: GH | B78: Sand | C78: No Jute | D78: Control | E78: 1 | F78: =TEXT(F24,"#,#0.0") -> 100.0 | G78: =TEXT(G24,"#,#0.0") -> 2.0 | H78: =TEXT(H24,"#,#0.0") -> 0.0 | I78: =TEXT(I24,"#,#0.0") -> 0.0 | J78: =TEXT(J24,"#,#0.0") -> 0.0 | K78: =TEXT(K24,"#,#0.0") -> 2.0 | L78: =TEXT(L24,"#,#0.0") -> 0.0 | N78: =TEXT(N24,"#,#0.0") -> 18.2 | O78: =TEXT(O24,"#,#0.0") -> 0.0 | P78: =TEXT(P24,"#,#0.0") -> 0.0 | Q78: =TEXT(Q24,"#,#0.0") -> 0.0 | R78: =TEXT(R24,"#,#0.0") -> 0.0 | S78: =TEXT(S24,"#,#0.0") -> 0.0 | T78: =TEXT(T24,"#,#0.0") -> 0.0 | U78: =TEXT(U24,"#,#0.0") -> 0.0 | V78: =TEXT(V24,"#,#0.0") -> 0.0 | W78: =TEXT(X24,"#,#0.0") -> 0.0 | X78: =TEXT(Y24,"#,#0.0") -> 0.0 | Y78: =TEXT(Z24,"#,#0.0") -> 0.0 | Z78: =TEXT(AA24,"#,#0.0") -> 0.0 | AA78: =TEXT(AB24,"#,#0.0") -> 0.0 | AB78: =TEXT(AC24,"#,#0.0") -> 0.0 | AC78: =TEXT(AD24,"#,#0.0") -> 0.0
A79: Quesadilla | B79: Native | C79: Jute | D79: Biocrust | E79: 10 | F79: =TEXT(F25,"#,#0.0") -> 20.0 | G79: =TEXT(G25,"#,#0.0") -> 44.0 | H79: =TEXT(H25,"#,#0.0") -> 10.6 | I79: =TEXT(I25,"#,#0.0") -> 4.0 | J79: =TEXT(J25,"#,#0.0") -> 14.6 | K79: =TEXT(K25,"#,#0.0") -> 58.6 | L79: =TEXT(L25,"#,#0.0") -> 28.4 | N79: =TEXT(N25,"#,#0.0") -> 34.4 | O79: =TEXT(O25,"#,#0.0") -> 269.9 | P79: =TEXT(P25,"#,#0.0") -> 356.2 | Q79: =TEXT(Q25,"#,#0.0") -> 512.9 | R79: =TEXT(R25,"#,#0.0") -> 1.8 | S79: =TEXT(S25,"#,#0.0") -> 5.3 | T79: =TEXT(T25,"#,#0.0") -> 8.0 | U79: =TEXT(U25,"#,#0.0") -> 1.5 | V79: =TEXT(V25,"#,#0.0") -> 0.7 | W79: =TEXT(X25,"#,#0.0") -> 7.9 | X79: =TEXT(Y25,"#,#0.0") -> 7.8 | Y79: =TEXT(Z25,"#,#0.0") -> 5.4 | Z79: =TEXT(AA25,"#,#0.0") -> 100.5 | AA79: =TEXT(AB25,"#,#0.0") -> 108.8 | AB79: =TEXT(AC25,"#,#0.0") -> 173.0 | AC79: =TEXT(AD25,"#,#0.0") -> 19.3
A80: Quesadilla | B80: Native | C80: Jute | D80: Control | E80: 2 | F80: =TEXT(F26,"#,#0.0") -> 58.0 | G80: =TEXT(G26,"#,#0.0") -> 4.0 | H80: =TEXT(H26,"#,#0.0") -> 0.0 | I80: =TEXT(I26,"#,#0.0") -> 0.0 | J80: =TEXT(J26,"#,#0.0") -> 0.0 | K80: =TEXT(K26,"#,#0.0") -> 4.0 | L80: =TEXT(L26,"#,#0.0") -> 12.5 | N80: =TEXT(N26,"#,#0.0") -> 10.3 | O80: =TEXT(O26,"#,#0.0") -> 0.0 | P80: =TEXT(P26,"#,#0.0") -> 0.0 | Q80: =TEXT(Q26,"#,#0.0") -> 0.0 | R80: =TEXT(R26,"#,#0.0") -> 30.0 | S80: =TEXT(S26,"#,#0.0") -> 10.0 | T80: =TEXT(T26,"#,#0.0") -> 0.0 | U80: =TEXT(U26,"#,#0.0") -> 0.0 | V80: =TEXT(V26,"#,#0.0") -> 0.0 | W80: =TEXT(X26,"#,#0.0") -> 0.0 | X80: =TEXT(Y26,"#,#0.0") -> 12.5 | Y80: =TEXT(Z26,"#,#0.0") -> 3.1 | Z80: =TEXT(AA26,"#,#0.0") -> 0.0 | AA80: =TEXT(AB26,"#,#0.0") -> 0.0 | AB80: =TEXT(AC26,"#,#0.0") -> 0.0 | AC80: =TEXT(AD26,"#,#0.0") -> 0.0
A81: Quesadilla | B81: Native | C81: No Jute | D81: Biocrust | E81: 5 | F81: =TEXT(F27,"#,#0.0") -> 12.0 | G81: =TEXT(G27,"#,#0.0") -> 54.4 | H81: =TEXT(H27,"#,#0.0") -> 10.4 | I81: =TEXT(I27,"#,#0.0") -> 4.4 | J81: =TEXT(J27,"#,#0.0") -> 14.8 | K81: =TEXT(K27,"#,#0.0") -> 69.2 | L81: =TEXT(L27,"#,#0.0") -> 36.6 | N81: =TEXT(N27,"#,#0.0") -> 35.3 | O81: =TEXT(O27,"#,#0.0") -> 0.0 | P81: =TEXT(P27,"#,#0.0") -> 0.0 | Q81: =TEXT(Q27,"#,#0.0") -> 0.0 | R81: =TEXT(R27,"#,#0.0") -> 1.0 | S81: =TEXT(S27,"#,#0.0") -> 4.6 | T81: =TEXT(T27,"#,#0.0") -> 6.5 | U81: =TEXT(U27,"#,#0.0") -> 1.6 | V81: =TEXT(V27,"#,#0.0") -> 1.5 | W81: =TEXT(X27,"#,#0.0") -> 6.2 | X81: =TEXT(Y27,"#,#0.0") -> 6.0 | Y81: =TEXT(Z27,"#,#0.0") -> 6.4 | Z81: =TEXT(AA27,"#,#0.0") -> 0.0 | AA81: =TEXT(AB27,"#,#0.0") -> 0.0 | AB81: =TEXT(AC27,"#,#0.0") -> 0.0 | AC81: =TEXT(AD27,"#,#0.0") -> 0.0
A82: Quesadilla | B82: Native | C82: No Jute | D82: Control | E82: 1 | F82: =TEXT(F28,"#,#0.0") -> 80.0 | G82: =TEXT(G28,"#,#0.0") -> 0.0 | H82: =TEXT(H28,"#,#0.0") -> 0.0 | I82: =TEXT(I28,"#,#0.0") -> 0.0 | J82: =TEXT(J28,"#,#0.0") -> 0.0 | K82: =TEXT(K28,"#,#0.0") -> 0.0 | L82: =TEXT(L28,"#,#0.0") -> 0.0 | N82: =TEXT(N28,"#,#0.0") -> 12.5 | O82: =TEXT(O28,"#,#0.0") -> 0.0 | P82: =TEXT(P28,"#,#0.0") -> 0.0 | Q82: =TEXT(Q28,"#,#0.0") -> 0.0 | R82: =TEXT(R28,"#,#0.0") -> 0.0 | S82: =TEXT(S28,"#,#0.0") -> 0.0 | T82: =TEXT(T28,"#,#0.0") -> 0.0 | U82: =TEXT(U28,"#,#0.0") -> 0.0 | V82: =TEXT(V28,"#,#0.0") -> 0.0 | W82: =TEXT(X28,"#,#0.0") -> 0.0 | X82: =TEXT(Y28,"#,#0.0") -> 0.0 | Y82: =TEXT(Z28,"#,#0.0") -> 0.0 | Z82: =TEXT(AA28,"#,#0.0") -> 0.0 | AA82: =TEXT(AB28,"#,#0.0") -> 0.0 | AB82: =TEXT(AC28,"#,#0.0") -> 0.0 | AC82: =TEXT(AD28,"#,#0.0") -> 0.0
... A93: Hoop | B93: Sand | C93: No Jute | D93: Biocrust | E93: 5 | F93: =TEXT(F39,"#,#0.0") -> 4.8 | G93: =TEXT(G39,"#,#0.0") -> 81.6 | H93: =TEXT(H39,"#,#0.0") -> 10.4 | I93: =TEXT(I39,"#,#0.0") -> 1.6 | J93: =TEXT(J39,"#,#0.0") -> 12.0 | K93: =TEXT(K39,"#,#0.0") -> 93.6 | L93: =TEXT(L39,"#,#0.0") -> 49.7 | N93: =TEXT(N39,"#,#0.0") -> 33.9 | O93: =TEXT(O39,"#,#0.0") -> 0.0 | P93: =TEXT(P39,"#,#0.0") -> 0.0 | Q93: =TEXT(Q39,"#,#0.0") -> 0.0 | R93: =TEXT(R39,"#,#0.0") -> 21.5 | S93: =TEXT(S39,"#,#0.0") -> 2.3 | T93: =TEXT(T39,"#,#0.0") -> 2.7 | U93: =TEXT(U39,"#,#0.0") -> 1.6 | V93: =TEXT(V39,"#,#0.0") -> 0.7 | W93: =TEXT(X39,"#,#0.0") -> 1.5 | X93: =TEXT(Y39,"#,#0.0") -> 4.9 | Y93: =TEXT(Z39,"#,#0.0") -> 5.0 | Z93: =TEXT(AA39,"#,#0.0") -> 0.0 | AA93: =TEXT(AB39,"#,#0.0") -> 0.0 | AB93: =TEXT(AC39,"#,#0.0") -> 0.0 | AC93: =TEXT(AD39,"#,#0.0") -> 0.0
A94: Hoop | B94: Sand | C94: No Jute | D94: Control | E94: 1 | F94: =TEXT(F40,"#,#0.0") -> 100.0 | G94: =TEXT(G40,"#,#0.0") -> 0.0 | H94: =TEXT(H40,"#,#0.0") -> 0.0 | I94: =TEXT(I40,"#,#0.0") -> 0.0 | J94: =TEXT(J40,"#,#0.0") -> 0.0 | K94: =TEXT(K40,"#,#0.0") -> 0.0 | L94: =TEXT(L40,"#,#0.0") -> 0.0 | N94: =TEXT(N40,"#,#0.0") -> 2.0 | O94: =TEXT(O40,"#,#0.0") -> 0.0 | P94: =TEXT(P40,"#,#0.0") -> 0.0 | Q94: =TEXT(Q40,"#,#0.0") -> 0.0 | R94: =TEXT(R40,"#,#0.0") -> 0.0 | S94: =TEXT(S40,"#,#0.0") -> 0.0 | T94: =TEXT(T40,"#,#0.0") -> 0.0 | U94: =TEXT(U40,"#,#0.0") -> 0.0 | V94: =TEXT(V40,"#,#0.0") -> 0.0 | W94: =TEXT(X40,"#,#0.0") -> 0.0 | X94: =TEXT(Y40,"#,#0.0") -> 0.0 | Y94: =TEXT(Z40,"#,#0.0") -> 0.0 | Z94: =TEXT(Z40,"#,#0.0") -> 0.0 | AA94: =TEXT(AA40,"#,#0.0") -> 0.0 | AB94: =TEXT(AB40,"#,#0.0") -> 0.0 | AC94: =TEXT(AC40,"#,#0.0") -> 0.0
F95: =TEXT(F41,"#,#0.0") -> 0.0 | G95: =TEXT(G41,"#,#0.0") -> 0.0 | H95: =TEXT(H41,"#,#0.0") -> 0.0 | I95: =TEXT(I41,"#,#0.0") -> 0.0 | J95: =TEXT(J41,"#,#0.0") -> 0.0 | K95: =TEXT(K41,"#,#0.0") -> 0.0 | L95: =TEXT(L41,"#,#0.0") -> 0.0 | N95: =TEXT(N41,"#,#0.0") -> 0.0 | O95: =TEXT(O41,"#,#0.0") -> 0.0 | P95: =TEXT(P41,"#,#0.0") -> 0.0 | Q95: =TEXT(Q41,"#,#0.0") -> 0.0 | R95: =TEXT(R41,"#,#0.0") -> 0.0 | S95: =TEXT(S41,"#,#0.0") -> 0.0 | T95: =TEXT(T41,"#,#0.0") -> 0.0 | U95: =TEXT(U41,"#,#0.0") -> 0.0 | V95: =TEXT(V41,"#,#0.0") -> 0.0 | W95: =TEXT(X41,"#,#0.0") -> 0.0 | X95: =TEXT(Y41,"#,#0.0") -> 0.0 | Y95: =TEXT(Z41,"#,#0.0") -> 0.0 | Z95: =TEXT(Z41,"#,#0.0") -> 0.0 | AA95: =TEXT(AA41,"#,#0.0") -> 0.0 | AB95: =TEXT(AB41,"#,#0.0") -> 0.0 | AC95: =TEXT(AC41,"#,#0.0") -> 0.0
E116: =(64+48)/2 -> 56
E117: =(67+50)/2 -> 58.5
E118: =(74+55)/2 -> 64.5
E119: =AVERAGE(E116:E118) -> 59.666667

Sheet Sheet1
A3: Row Labels | B3: Average of LBmg_L | C3: Average of TBmg_L | D3: Average of LBug | E3: Average of LBug_g | F3: Average of TBug_g | G3: Average of Gug | H3: Average of Gug_g | I3: Average of Gmg_L | J3: Average of TBug
A4: 4 | B4: 6.304549 | C4: 20.339783 | D4: 32.62281 | E4: 158.41232 | F4: 257.73295 | G4: 63.54645 | H4: 306.96719 | I4: 10.9336 | J4: 53.317
A5: 18 | B5: 8.479403 | C5: 20.7807 | D5: 45.671934 | E5: 667.75749 | F5: 789.70867 | G5: 83.20835 | H5: 1201.2772 | I5: 14.210583 | J5: 55.9625
A6: 30 | B6: 8.7100693 | C6: 21.526867 | D6: 47.055932 | E6: 202.56229 | F6: 259.4147 | G6: 91.92445 | H6: 387.40488 | I6: 15.663267 | J6: 60.4395
A7: 32 | B7: 5.118265 | C7: 20.543283 | D7: 25.505106 | E7: 123.05353 | F7: 263.41043 | G7: 61.92485 | H7: 299.09925 | I7: 10.663333 | J7: 54.538
A8: 33 | B8: 8.083975 | C8: 19.186617 | D8: 43.299366 | E8: 197.75146 | F8: 210.74629 | G8: 81.38405 | H8: 369.55458 | I8: 13.906533 | J8: 46.398
A9: 43 | B9: 12.697302 | C9: 22.680033 | D9: 70.979326 | E9: 335.94295 | F9: 319.23439 | G9: 91.92445 | H9: 434.76721 | I9: 15.663267 | J9: 67.3585
A10: 50 | B10: 14.279014 | C10: 28.1067 | D10: 80.469598 | E10: 369.93843 | F10: 458.97213 | G10: 130.23475 | H10: 600.25769 | I10: 22.048317 | J10: 99.9185
A11: 51 | B11: 6.502263 | C11: 19.322283 | D11: 33.809094 | E11: 161.49789 | F11: 225.90835 | G11: 70.03285 | H11: 334.19666 | I11: 12.014667 | J11: 47.212
A12: 64 | B12: 17.870818 | C12: 36.823283 | D12: 102.02042 | E12: 493.83242 | F12: 736.47988 | G12: 184.55835 | H12: 896.51196 | I12: 31.10225 | J12: 152.218
A13: 71 | B13: 13.685872 | C13: 20.339783 | D13: 76.910746 | E13: 333.53723 | F13: 235.54119 | G13: 97.60005 | H13: 422.25274 | I13: 16.6092 | J13: 53.317
A14: 92 | B14: 10.456543 | C14: 26.207367 | D14: 57.534774 | E14: 254.08068 | F14: 389.0157 | G14: 129.62665 | H14: 573.2282 | I14: 21.946967 | J14: 88.5225
A15: 96 | B15: 10.357686 | C15: 29.768617 | D15: 56.941632 | E15: 263.70447 | F15: 508.56261 | G15: 165.70725 | H15: 766.33429 | I15: 27.9604 | J15: 109.89
... A18: 108 | B18: 20.144529 | C18: 30.514783 | D18: 115.66269 | E18: 541.83025 | F18: 531.97411 | G18: 176.24765 | H18: 821.29755 | I18: 29.717133 | J18: 114.367
A19: blank | B19: 0.867414 | C19: 11.453617 | D19: 5.204484 | E19: #DIV/0! | F19: #DIV/0! | G19: 2.05515 | H19: #DIV/0! | I19: 0.342525 | J19: 68.7217
A20: Grand Total | B20: 12.542838 | C20: 24.023981 | D20: 70.377822 | E20: 377.0889 | F20: 409.01622 | G20: 106.30441 | H20: 567.68459 | I20: 18.045351 | J20: 79.717294

Sheet EPS
A1: plot # | B1: irrigation type | C1: soil | D1: jute | E1: Inoc | F1: Date ran | G1: Plot number | H1: irrigation type | I1: soil | J1: jute | K1: inoc | L1: rep | M1: weight | N1: LB | O1: TB | P1: G | Q1: LBmg_L | R1: LBug | S1: LBug_g | T1: TBmg_L | U1: TBug | V1: TBug_g | W1: Gmg_L | X1: Gug | Y1: Gug_g | AA1: Date | AB1: Conc | AC1: Abs
A2: 4 | B2: Hoop | C2: native | D2: J_direct | E2: B | F2: 43661 | G2: 4 | H2: Hoop | I2: native | J2: J_direct | K2: B | L2: 1 | M2: 200.8 | N2: 0.07 | O2: 0.105 | P2: 0.097 | Q2: =(AA$4*N2)+AA$5 -> 7.58969 | R2: =(((Q2/1000)*6)*1000)-AVERAGE(R$47:R$49) -> 40.333656 | S2: =R2/(M2/1000) -> 200.86482 | T2: =(AA$13*(O2+0.1))+AA$14 -> 20.47545 | U2: =(((T2/1000)*6)*1000)-AVERAGE(U$47:U$49) -> 54.131 | V2: =U2/(M2/1000) -> 269.57669 | W2: =(AA$22*P2)+AA$23 -> 9.61605 | X2: =(((W2/1000)*6)*1000)-AVERAGE(X$47:X$49) -> 55.64115 | Y2: =X2/(M2/1000) -> 277.09736 | AA2: 43661 | AB2: 0 | AC2: -0.001
F3: 43661 | G3: 4 | H3: Hoop | I3: native | J3: J_direct | K3: B | L3: 2 | M3: 212.2 | N3: 0.05 | O3: 0.117 | P3: 0.115 | Q3: =(AA$4*N3)+AA$5 -> 5.61255 | R3: =(((Q3/1000)*6)*1000)-AVERAGE(R$47:R$49) -> 28.470816 | S3: =R3/(M3/1000) -> 134.16973 | T3: =(AA$13*(O3+0.1))+AA$14 -> 21.69645 | U3: =(((T3/1000)*6)*1000)-AVERAGE(U$47:U$49) -> 61.457 | V3: =U3/(M3/1000) -> 289.61828 | W3: =(AA$22*P3)+AA$23 -> 11.44035 | X3: =(((W3/1000)*6)*1000)-AVERAGE(X$47:X$49) -> 66.58695 | Y3: =X3/(M3/1000) -> 313.79336 | AB3: 5 | AC3: 0.042
F4: 43661 | G4: 4 | H4: Hoop | I4: native | J4: J_direct | K4: B | L4: 3 | M4: 207.3 | N4: 0.051 | O4: 0.089 | P4: 0.118 | Q4: =(AA$4*N4)+AA$5 -> 5.711407 | R4: =(((Q4/1000)*6)*1000)-AVERAGE(R$47:R$49) -> 29.063958 | S4: =R4/(M4/1000) -> 140.2024 | T4: =(AA$13*(O4+0.1))+AA$14 -> 18.84745 | U4: =(((T4/1000)*6)*1000)-AVERAGE(U$47:U$49) -> 44.363 | V4: =U4/(M4/1000) -> 214.00386 | W4: =(AA$22*P4)+AA$23 -> 11.7444 | X4: =(((W4/1000)*6)*1000)-AVERAGE(X$47:X$49) -> 68.41125 | Y4: =X4/(M4/1000) -> 330.01085 | AA4: 98.857 | AB4: 10 | AC4: 0.089
A5: 18 | B5: Hoop | C5: native | D5: J_direct | E5: B | F5: 43661 | G5: 18 | H5: Hoop | I5: native | J5: J_direct | K5: B | L5: 1 | M5: 29.4 | N5: 0.078 | O5: 0.102 | P5: 0.138 | Q5: =(AA$4*N5)+AA$5 -> 8.380546 | R5: =(((Q5/1000)*6)*1000)-AVERAGE(R$47:R$49) -> 45.078792 | S5: =R5/(M5/1000) -> 1533.2922 | T5: =(AA$13*(O5+0.1))+AA$14 -> 20.1702 | U5: =(((T5/1000)*6)*1000)-AVERAGE(U$47:U$49) -> 52.2995 | V5: =U5/(M5/1000) -> 1778.8946 | W5: =(AA$22*P5)+AA$23 -> 13.7714 | X5: =(((W5/1000)*6)*1000)-AVERAGE(X$47:X$49) -> 80.57325 | Y5: =X5/(M5/1000) -> 2740.5867 | AA5: 0.6697 | AB5: 15 | AC5: 0.141
F6: 43661 | G6: 18 | H6: Hoop | I6: native | J6: J_direct | K6: B | L6: 2 | M6: 196.5 | N6: 0.077 | O6: 0.132 | P6: 0.175 | Q6: =(AA$4*N6)+AA$5 -> 8.281689 | R6: =(((Q6/1000)*6)*1000)-AVERAGE(R$47:R$49) -> 44.48565 | S6: =R6/(M6/1000) -> 226.39008 | T6: =(AA$13*(O6+0.1))+AA$14 -> 23.2227 | U6: =(((T6/1000)*6)*1000)-AVERAGE(U$47:U$49) -> 70.6145 | V6: =U6/(M6/1000) -> 359.36132 | W6: =(AA$22*P6)+AA$23 -> 17.52135 | X6: =(((W6/1000)*6)*1000)-AVERAGE(X$47:X$49) -> 103.07295 | Y6: =X6/(M6/1000) -> 524.54427 | AB6: 20 | AC6: 0.192
F7: 43661 | G7: 18 | H7: Hoop | I7: native | J7: J_direct | K7: B | L7: 3 | M7: 194.8 | N7: 0.082 | O7: 0.09 | P7: 0.114 | Q7: =(AA$4*N7)+AA$5 -> 8.775974 | R7: =(((Q7/1000)*6)*1000)-AVERAGE(R$47:R$49) -> 47.45136 | S7: =R7/(M7/1000) -> 243.59014 | T7: =(AA$13*(O7+0.1))+AA$14 -> 18.9492 | U7: =(((T7/1000)*6)*1000)-AVERAGE(U$47:U$49) -> 44.9735 | V7: =U7/(M7/1000) -> 230.87012 | W7: =(AA$22*P7)+AA$23 -> 11.339 | X7: =(((W7/1000)*6)*1000)-AVERAGE(X$47:X$49) -> 65.97885 | Y7: =X7/(M7/1000) -> 338.70046 | AB7: 30 | AC7: 0.31
A8: 30 | B8: Hoop | C8: native | D8: J_direct | E8: B | F8: 43661 | G8: 30 | H8: Hoop | I8: native | J8: J_direct | K8: B | L8: 1 | M8: 204 | N8: 0.066 | O8: 0.08 | P8: 0.118 | Q8: =(AA$4*N8)+AA$5 -> 7.194262 | R8: =(((Q8/1000)*6)*1000)-AVERAGE(R$47:R$49) -> 37.961088 | S8: =R8/(M8/1000) -> 186.08376 | T8: =(AA$13*(O8+0.1))+AA$14 -> 17.9317 | U8: =(((T8/1000)*6)*1000)-AVERAGE(U$47:U$49) -> 38.8685 | V8: =U8/(M8/1000) -> 190.53186 | W8: =(AA$22*P8)+AA$23 -> 11.7444 | X8: =(((W8/1000)*6)*1000)-AVERAGE(X$47:X$49) -> 68.41125 | Y8: =X8/(M8/1000) -> 335.34926 | AB8: 45 | AC8: 0.442
F9: 43661 | G9: 30 | H9: Hoop | I9: native | J9: J_direct | K9: B | L9: 2 | M9: 277 | N9: 0.089 | O9: 0.123 | P9: 0.211 | Q9: =(AA$4*N9)+AA$5 -> 9.467973 | R9: =(((Q9/1000)*6)*1000)-AVERAGE(R$47:R$49) -> 51.603354 | S9: =R9/(M9/1000) -> 186.2937 | T9: =(AA$13*(O9+0.1))+AA$14 -> 22.30695 | U9: =(((T9/1000)*6)*1000)-AVERAGE(U$47:U$49) -> 65.12 | V9: =U9/(M9/1000) -> 235.09025 | W9: =(AA$22*P9)+AA$23 -> 21.16995 | X9: =(((W9/1000)*6)*1000)-AVERAGE(X$47:X$49) -> 124.96455 | Y9: =X9/(M9/1000) -> 451.13556 | AB9: 60 | AC9: 0.604
F10: 43661 | G10: 30 | H10: Hoop | I10: native | J10: J_direct | K10: B | L10: 3 | M10: 219.3 | N10: 0.089 | O10: 0.143 | P10: 0.141 | Q10: =(AA$4*N10)+AA$5 -> 9.467973 | R10: =(((Q10/1000)*6)*1000)-AVERAGE(R$47:R$49) -> 51.603354 | S10: =R10/(M10/1000) -> 235.30941 | T10: =(AA$13*(O10+0.1))+AA$14 -> 24.34195 | U10: =(((T10/1000)*6)*1000)-AVERAGE(U$47:U$49) -> 77.33 | V10: =U10/(M10/1000) -> 352.62198 | W10: =(AA$22*P10)+AA$23 -> 14.07545 | X10: =(((W10/1000)*6)*1000)-AVERAGE(X$47:X$49) -> 82.39755 | Y10: =X10/(M10/1000) -> 375.72982 | AB10: 100 | AC10: 1.003
A11: 32 | B11: Hoop | C11: native | D11: J_direct | E11: B | F11: 43661 | G11: 32 | H11: Hoop | I11: native | J11: J_direct | K11: B | L11: 1 | M11: 206.5 | N11: 0.039 | O11: 0.129 | P11: 0.084 | Q11: =(AA$4*N11)+AA$5 -> 4.525123 | R11: =(((Q11/1000)*6)*1000)-AVERAGE(R$47:R$49) -> 21.946254 | S11: =R11/(M11/1000) -> 106.27726 | T11: =(AA$13*(O11+0.1))+AA$14 -> 22.91745 | U11: =(((T11/1000)*6)*1000)-AVERAGE(U$47:U$49) -> 68.783 | V11: =U11/(M11/1000) -> 333.08959 | W11: =(AA$22*P11)+AA$23 -> 8.2985 | X11: =(((W11/1000)*6)*1000)-AVERAGE(X$47:X$49) -> 47.73585 | Y11: =X11/(M11/1000) -> 231.16634 | AA11: 43662 | AB11: 0 | AC11: 0.002
F12: 43661 | G12: 32 | H12: Hoop | I12: native | J12: J_direct | K12: B | L12: 2 | M12: 202.9 | N12: 0.043 | O12: 0.088 | P12: 0.116 | Q12: =(AA$4*N12)+AA$5 -> 4.920551 | R12: =(((Q12/1000)*6)*1000)-AVERAGE(R$47:R$49) -> 24.318822 | S12: =R12/(M12/1000) -> 119.8562 | T12: =(AA$13*(O12+0.1))+AA$14 -> 18.7457 | U12: =(((T12/1000)*6)*1000)-AVERAGE(U$47:U$49) -> 43.7525 | V12: =U12/(M12/1000) -> 215.63578 | W12: =(AA$22*P12)+AA$23 -> 11.5417 | X12: =(((W12/1000)*6)*1000)-AVERAGE(X$47:X$49) -> 67.19505 | Y12: =X12/(M12/1000) -> 331.17324 | AB12: 5 | AC12: 0.05
F13: 43661 | G13: 32 | H13: Hoop | I13: native | J13: J_direct | K13: B | L13: 3 | M13: 211.5 | N13: 0.053 | O13: 0.1 | P13: 0.122 | Q13: =(AA$4*N13)+AA$5 -> 5.909121 | R13: =(((Q13/1000)*6)*1000)-AVERAGE(R$47:R$49) -> 30.250242 | S13: =R13/(M13/1000) -> 143.02715 | T13: =(AA$13*(O13+0.1))+AA$14 -> 19.9667 | U13: =(((T13/1000)*6)*1000)-AVERAGE(U$47:U$49) -> 51.0785 | V13: =U13/(M13/1000) -> 241.50591 | W13: =(AA$22*P13)+AA$23 -> 12.1498 | X13: =(((W13/1000)*6)*1000)-AVERAGE(X$47:X$49) -> 70.84365 | Y13: =X13/(M13/1000) -> 334.95816 | AA13: 101.75 | AB13: 10 | AC13: 0.098
A14: 33 | B14: Hoop | C14: native | D14: J_direct | E14: B | F14: 43661 | G14: 33 | H14: Hoop | I14: native | J14: J_direct | K14: B | L14: 1 | M14: 231.1 | N14: 0.068 | O14: 0.093 | P14: 0.138 | Q14: =(AA$4*N14)+AA$5 -> 7.391976 | R14: =(((Q14/1000)*6)*1000)-AVERAGE(R$47:R$49) -> 39.147372 | S14: =R14/(M14/1000) -> 169.39581 | T14: =(AA$13*(O14+0.1))+AA$14 -> 19.25445 | U14: =(((T14/1000)*6)*1000)-AVERAGE(U$47:U$49) -> 46.805 | V14: =U14/(M14/1000) -> 202.53137 | W14: =(AA$22*P14)+AA$23 -> 13.7714 | X14: =(((W14/1000)*6)*1000)-AVERAGE(X$47:X$49) -> 80.57325 | Y14: =X14/(M14/1000) -> 348.65102 | AA14: -0.3833 | AB14: 15 | AC14: 0.145
F15: 43661 | G15: 33 | H15: Hoop | I15: native | J15: J_direct | K15: B | L15: 2 | M15: 227.9 | N15: 0.075 | O15: 0.094 | P15: 0.146 | Q15: =(AA$4*N15)+AA$5 -> 8.083975 | R15: =(((Q15/1000)*6)*1000)-AVERAGE(R$47:R$49) -> 43.299366 | S15: =R15/(M15/1000) -> 189.99283 | T15: =(AA$13*(O15+0.1))+AA$14 -> 19.3562 | U15: =(((T15/1000)*6)*1000)-AVERAGE(U$47:U$49) -> 47.4155 | V15: =U15/(M15/1000) -> 208.05397 | W15: =(AA$22*P15)+AA$23 -> 14.5822 | X15: =(((W15/1000)*6)*1000)-AVERAGE(X$47:X$49) -> 85.43805 | Y15: =X15/(M15/1000) -> 374.89272 | AB15: 20 | AC15: 0.191
F16: 43661 | G16: 33 | H16: Hoop | I16: native | J16: J_direct | K16: B | L16: 3 | M16: 202.9 | N16: 0.082 | O16: 0.09 | P16: 0.134 | Q16: =(AA$4*N16)+AA$5 -> 8.775974 | R16: =(((Q16/1000)*6)*1000)-AVERAGE(R$47:R$49) -> 47.45136 | S16: =R16/(M16/1000) -> 233.86575 | T16: =(AA$13*(O16+0.1))+AA$14 -> 18.9492 | U16: =(((T16/1000)*6)*1000)-AVERAGE(U$47:U$49) -> 44.9735 | V16: =U16/(M16/1000) -> 221.65352 | W16: =(AA$22*P16)+AA$23 -> 13.366 | X16: =(((W16/1000)*6)*1000)-AVERAGE(X$47:X$49) -> 78.14085 | Y16: =X16/(M16/1000) -> 385.12001 | AB16: 30 | AC16: 0.296
A17: 43 | B17: Quesadilla | C17: native | D17: J_direct | E17: B | F17: 43661 | G17: 43 | H17: Quesadilla | I17: native | J17: J_direct | K17: B | L17: 1 | M17: 212.2 | N17: 0.125 | O17: 0.14 | P17: 0.15 | Q17: =(AA$4*N17)+AA$5 -> 13.026825 | R17: =(((Q17/1000)*6)*1000)-AVERAGE(R$47:R$49) -> 72.956466 | S17: =R17/(M17/1000) -> 343.80992 | T17: =(AA$13*(O17+0.1))+AA$14 -> 24.0367 | U17: =(((T17/1000)*6)*1000)-AVERAGE(U$47:U$49) -> 75.4985 | V17: =U17/(M17/1000) -> 355.78935 | W17: =(AA$22*P17)+AA$23 -> 14.9876 | X17: =(((W17/1000)*6)*1000)-AVERAGE(X$47:X$49) -> 87.87045 | Y17: =X17/(M17/1000) -> 414.0926 | AB17: 45 | AC17: 0.453
F18: 43661 | G18: 43 | H18: Quesadilla | I18: native | J18: J_direct | K18: B | L18: 2 | M18: 206.2 | N18: 0.122 | O18: 0.133 | P18: 0.154 | Q18: =(AA$4*N18)+AA$5 -> 12.730254 | R18: =(((Q18/1000)*6)*1000)-AVERAGE(R$47:R$49) -> 71.17704 | S18: =R18/(M18/1000) -> 345.18448 | T18: =(AA$13*(O18+0.1))+AA$14 -> 23.32445 | U18: =(((T18/1000)*6)*1000)-AVERAGE(U$47:U$49) -> 71.225 | V18: =U18/(M18/1000) -> 345.41707 | W18: =(AA$22*P18)+AA$23 -> 15.393 | X18: =(((W18/1000)*6)*1000)-AVERAGE(X$47:X$49) -> 90.30285 | Y18: =X18/(M18/1000) -> 437.93817 | AB18: 60 | AC18: 0.597
F19: 43661 | G19: 43 | H19: Quesadilla | I19: native | J19: J_direct | K19: B | L19: 3 | M19: 215.8 | N19: 0.118 | O19: 0.107 | P19: 0.166 | Q19: =(AA$4*N19)+AA$5 -> 12.334826 | R19: =(((Q19/1000)*6)*1000)-AVERAGE(R$47:R$49) -> 68.804472 | S19: =R19/(M19/1000) -> 318.83444 | T19: =(AA$13*(O19+0.1))+AA$14 -> 20.67895 | U19: =(((T19/1000)*6)*1000)-AVERAGE(U$47:U$49) -> 55.352 | V19: =U19/(M19/1000) -> 256.49676 | W19: =(AA$22*P19)+AA$23 -> 16.6092 | X19: =(((W19/1000)*6)*1000)-AVERAGE(X$47:X$49) -> 97.60005 | Y19: =X19/(M19/1000) -> 452.27085 | AB19: 100 | AC19: 0.985
A20: 50 | B20: Quesadilla | C20: native | D20: J_direct | E20: B | F20: 43661 | G20: 50 | H20: Quesadilla | I20: native | J20: J_direct | K20: B | L20: 1 | M20: 209 | N20: 0.117 | O20: 0.149 | P20: 0.22 | Q20: =(AA$4*N20)+AA$5 -> 12.235969 | R20: =(((Q20/1000)*6)*1000)-AVERAGE(R$47:R$49) -> 68.21133 | S20: =R20/(M20/1000) -> 326.37 | T20: =(AA$13*(O20+0.1))+AA$14 -> 24.95245 | U20: =(((T20/1000)*6)*1000)-AVERAGE(U$47:U$49) -> 80.993 | V20: =U20/(M20/1000) -> 387.52632 | W20: =(AA$22*P20)+AA$23 -> 22.0821 | X20: =(((W20/1000)*6)*1000)-AVERAGE(X$47:X$49) -> 130.43745 | Y20: =X20/(M20/1000) -> 624.10263 | AA20: 43663 | AB20: 0 | AC20: 0.003
F21: 43661 | G21: 50 | H21: Quesadilla | I21: native | J21: J_direct | K21: B | L21: 2 | M21: 216.6 | N21: 0.152 | O21: 0.199 | P21: 0.22 | Q21: =(AA$4*N21)+AA$5 -> 15.695964 | R21: =(((Q21/1000)*6)*1000)-AVERAGE(R$47:R$49) -> 88.9713 | S21: =R21/(M21/1000) -> 410.76316 | T21: =(AA$13*(O21+0.1))+AA$14 -> 30.03995 | U21: =(((T21/1000)*6)*1000)-AVERAGE(U$47:U$49) -> 111.518 | V21: =U21/(M21/1000) -> 514.85688 | W21: =(AA$22*P21)+AA$23 -> 22.0821 | X21: =(((W21/1000)*6)*1000)-AVERAGE(X$47:X$49) -> 130.43745 | Y21: =X21/(M21/1000) -> 602.20429 | AB21: 5 | AC21: 0.053
F22: 43661 | G22: 50 | H22: Quesadilla | I22: native | J22: J_direct | K22: B | L22: 3 | M22: 226 | N22: 0.144 | O22: 0.192 | P22: 0.219 | Q22: =(AA$4*N22)+AA$5 -> 14.905108 | R22: =(((Q22/1000)*6)*1000)-AVERAGE(R$47:R$49) -> 84.226164 | S22: =R22/(M22/1000) -> 372.68214 | T22: =(AA$13*(O22+0.1))+AA$14 -> 29.3277 | U22: =(((T22/1000)*6)*1000)-AVERAGE(U$47:U$49) -> 107.2445 | V22: =U22/(M22/1000) -> 474.53319 | W22: =(AA$22*P22)+AA$23 -> 21.98075 | X22: =(((W22/1000)*6)*1000)-AVERAGE(X$47:X$49) -> 129.82935 | Y22: =X22/(M22/1000) -> 574.46615 | AA22: 101.35 | AB22: 10 | AC22: 0.099
F23: 43661 | G23: 51 | H23: Quesadilla | I23: native | J23: J_direct | K23: B | L23: 1 | M23: 201 | N23: 0.054 | O23: 0.093 | P23: 0.105 | Q23: =(AA$4*N23)+AA$5 -> 6.007978 | R23: =(((Q23/1000)*6)*1000)-AVERAGE(R$47:R$49) -> 30.843384 | S23: =R23/(M23/1000) -> 153.44967 | T23: =(AA$13*(O23+0.1))+AA$14 -> 19.25445 | U23: =(((T23/1000)*6)*1000)-AVERAGE(U$47:U$49) -> 46.805 | V23: =U23/(M23/1000) -> 232.8607 | W23: =(AA$22*P23)+AA$23 -> 10.42685 | X23: =(((W23/1000)*6)*1000)-AVERAGE(X$47:X$49) -> 60.50595 | Y23: =X23/(M23/1000) -> 301.02463 | AA23: -0.2149 | AB23: 15 | AC23: 0.149
F24: 43661 | G24: 51 | H24: Quesadilla | I24: native | J24: J_direct | K24: B | L24: 2 | M24: 213.6 | N24: 0.064 | O24: 0.088 | P24: 0.137 | Q24: =(AA$4*N24)+AA$5 -> 6.996548 | R24: =(((Q24/1000)*6)*1000)-AVERAGE(R$47:R$49) -> 36.774804 | S24: =R24/(M24/1000) -> 172.16669 | T24: =(AA$13*(O24+0.1))+AA$14 -> 18.7457 | U24: =(((T24/1000)*6)*1000)-AVERAGE(U$47:U$49) -> 43.7525 | V24: =U24/(M24/1000) -> 204.8338 | W24: =(AA$22*P24)+AA$23 -> 13.67005 | X24: =(((W24/1000)*6)*1000)-AVERAGE(X$47:X$49) -> 79.96515 | Y24: =X24/(M24/1000) -> 374.36868 | AB24: 20 | AC24: 0.187
F25: 43661 | G25: 51 | H25: Quesadilla | I25: native | J25: J_direct | K25: B | L25: 3 | M25: 212.8 | N25: 0.059 | O25: 0.1 | P25: 0.12 | Q25: =(AA$4*N25)+AA$5 -> 6.502263 | R25: =(((Q25/1000)*6)*1000)-AVERAGE(R$47:R$49) -> 33.809094 | S25: =R25/(M25/1000) -> 158.87732 | T25: =(AA$13*(O25+0.1))+AA$14 -> 19.9667 | U25: =(((T25/1000)*6)*1000)-AVERAGE(U$47:U$49) -> 51.0785 | V25: =U25/(M25/1000) -> 240.03055 | W25: =(AA$22*P25)+AA$23 -> 11.9471 | X25: =(((W25/1000)*6)*1000)-AVERAGE(X$47:X$49) -> 69.62745 | Y25: =X25/(M25/1000) -> 327.19666 | AB25: 30 | AC25: 0.3
A26: 64 | B26: Quesadilla | C26: native | D26: J_direct | E26: B | F26: 43661 | G26: 64 | H26: Quesadilla | I26: native | J26: J_direct | K26: B | L26: 1 | M26: 204.2 | N26: 0.106 | O26: 0.293 | P26: 0.286 | Q26: =(AA$4*N26)+AA$5 -> 11.148542 | R26: =(((Q26/1000)*6)*1000)-AVERAGE(R$47:R$49) -> 61.686768 | S26: =R26/(M26/1000) -> 302.08995 | T26: =(AA$13*(O26+0.1))+AA$14 -> 39.60445 | U26: =(((T26/1000)*6)*1000)-AVERAGE(U$47:U$49) -> 168.905 | V26: =U26/(M26/1000) -> 827.15475 | W26: =(AA$22*P26)+AA$23 -> 28.7712 | X26: =(((W26/1000)*6)*1000)-AVERAGE(X$47:X$49) -> 170.57205 | Y26: =X26/(M26/1000) -> 835.31856 | AB26: 45 | AC26: 0.453
F27: 43661 | G27: 64 | H27: Quesadilla | I27: native | J27: J_direct | K27: B | L27: 2 | M27: 198.5 | N27: 0.208 | O27: 0.227 | P27: 0.341 | Q27: =(AA$4*N27)+AA$5 -> 21.231956 | R27: =(((Q27/1000)*6)*1000)-AVERAGE(R$47:R$49) -> 122.18725 | S27: =R27/(M27/1000) -> 615.55291 | T27: =(AA$13*(O27+0.1))+AA$14 -> 32.88895 | U27: =(((T27/1000)*6)*1000)-AVERAGE(U$47:U$49) -> 128.612 | V27: =U27/(M27/1000) -> 647.9194 | W27: =(AA$22*P27)+AA$23 -> 34.34545 | X27: =(((W27/1000)*6)*1000)-AVERAGE(X$47:X$49) -> 204.01755 | Y27: =X27/(M27/1000) -> 1027.7962 | AB27: 60 | AC27: 0.608
F28: 43661 | G28: 64 | H28: Quesadilla | I28: native | J28: J_direct | K28: B | L28: 3 | M28: 216.7 | N28: 0.208 | O28: 0.277 | P28: 0.3 | Q28: =(AA$4*N28)+AA$5 -> 21.231956 | R28: =(((Q28/1000)*6)*1000)-AVERAGE(R$47:R$49) -> 122.18725 | S28: =R28/(M28/1000) -> 563.85442 | T28: =(AA$13*(O28+0.1))+AA$14 -> 37.97645 | U28: =(((T28/1000)*6)*1000)-AVERAGE(U$47:U$49) -> 159.137 | V28: =U28/(M28/1000) -> 734.36548 | W28: =(AA$22*P28)+AA$23 -> 30.1901 | X28: =(((W28/1000)*6)*1000)-AVERAGE(X$47:X$49) -> 179.08545 | Y28: =X28/(M28/1000) -> 826.42109 | AB28: 100 | AC28: 0.979
A29: 71 | B29: Quesadilla | C29: native | D29: J_direct | E29: B | F29: 43661 | G29: 71 | H29: Quesadilla | I29: native | J29: J_direct | K29: B | L29: 1 | M29: 250.6 | N29: 0.126 | O29: 0.055 | P29: 0.159 | Q29: =(AA$4*N29)+AA$5 -> 13.125682 | R29: =(((Q29/1000)*6)*1000)-AVERAGE(R$47:R$49) -> 73.549608 | S29: =R29/(M29/1000) -> 293.49405 | T29: =(AA$13*(O29+0.1))+AA$14 -> 15.38795 | U29: =(((T29/1000)*6)*1000)-AVERAGE(U$47:U$49) -> 23.606 | V29: =U29/(M29/1000) -> 94.197925 | W29: =(AA$22*P29)+AA$23 -> 15.89975 | X29: =(((W29/1000)*6)*1000)-AVERAGE(X$47:X$49) -> 93.34335 | Y29: =X29/(M29/1000) -> 372.47945
F30: 43661 | G30: 71 | H30: Quesadilla | I30: native | J30: J_direct | K30: B | L30: 2 | M30: 232.1 | N30: 0.127 | O30: 0.126 | P30: 0.174 | Q30: =(AA$4*N30)+AA$5 -> 13.224539 | R30: =(((Q30/1000)*6)*1000)-AVERAGE(R$47:R$49) -> 74.14275 | S30: =R30/(M30/1000) -> 319.44313 | T30: =(AA$13*(O30+0.1))+AA$14 -> 22.6122 | U30: =(((T30/1000)*6)*1000)-AVERAGE(U$47:U$49) -> 66.9515 | V30: =U30/(M30/1000) -> 288.45972 | W30: =(AA$22*P30)+AA$23 -> 17.42 | X30: =(((W30/1000)*6)*1000)-AVERAGE(X$47:X$49) -> 102.46485 | Y30: =X30/(M30/1000) -> 441.46855
F31: 43661 | G31: 71 | H31: Quesadilla | I31: native | J31: J_direct | K31: B | L31: 3 | M31: 214.2 | N31: 0.142 | O31: 0.13 | P31: 0.165 | Q31: =(AA$4*N31)+AA$5 -> 14.707394 | R31: =(((Q31/1000)*6)*1000)-AVERAGE(R$47:R$49) -> 83.03988 | S31: =R31/(M31/1000) -> 387.67451 | T31: =(AA$13*(O31+0.1))+AA$14 -> 23.0192 | U31: =(((T31/1000)*6)*1000)-AVERAGE(U$47:U$49) -> 69.3935 | V31: =U31/(M31/1000) -> 323.96592 | W31: =(AA$22*P31)+AA$23 -> 16.50785 | X31: =(((W31/1000)*6)*1000)-AVERAGE(X$47:X$49) -> 96.99195 | Y31: =X31/(M31/1000) -> 452.81022
A32: 92 | B32: GH | C32: native | D32: J_direct | E32: B | F32: 43661 | G32: 92 | H32: GH | I32: native | J32: J_direct | K32: B | L32: 1 | M32: 259.2 | N32: 0.097 | O32: 0.176 | P32: 0.207 | Q32: =(AA$4*N32)+AA$5 -> 10.258829 | R32: =(((Q32/1000)*6)*1000)-AVERAGE(R$47:R$49) -> 56.34849 | S32: =R32/(M32/1000) -> 217.39387 | T32: =(AA$13*(O32+0.1))+AA$14 -> 27.6997 | U32: =(((T32/1000)*6)*1000)-AVERAGE(U$47:U$49) -> 97.4765 | V32: =U32/(M32/1000) -> 376.06674 | W32: =(AA$22*P32)+AA$23 -> 20.76455 | X32: =(((W32/1000)*6)*1000)-AVERAGE(X$47:X$49) -> 122.53215 | Y32: =X32/(M32/1000) -> 472.73206
F33: 43661 | G33: 92 | H33: GH | I33: native | J33: J_direct | K33: B | L33: 2 | M33: 225.2 | N33: 0.111 | O33: 0.16 | P33: 0.253 | Q33: =(AA$4*N33)+AA$5 -> 11.642827 | R33: =(((Q33/1000)*6)*1000)-AVERAGE(R$47:R$49) -> 64.652478 | S33: =R33/(M33/1000) -> 287.08916 | T33: =(AA$13*(O33+0.1))+AA$14 -> 26.0717 | U33: =(((T33/1000)*6)*1000)-AVERAGE(U$47:U$49) -> 87.7085 | V33: =U33/(M33/1000) -> 389.46936 | W33: =(AA$22*P33)+AA$23 -> 25.42665 | X33: =(((W33/1000)*6)*1000)-AVERAGE(X$47:X$49) -> 150.50475 | Y33: =X33/(M33/1000) -> 668.31594
F34: 43661 | G34: 92 | H34: GH | I34: native | J34: J_direct | K34: B | L34: 3 | M34: 200.2 | N34: 0.089 | O34: 0.148 | P34: 0.196 | Q34: =(AA$4*N34)+AA$5 -> 9.467973 | R34: =(((Q34/1000)*6)*1000)-AVERAGE(R$47:R$49) -> 51.603354 | S34: =R34/(M34/1000) -> 257.75901 | T34: =(AA$13*(O34+0.1))+AA$14 -> 24.8507 | U34: =(((T34/1000)*6)*1000)-AVERAGE(U$47:U$49) -> 80.3825 | V34: =U34/(M34/1000) -> 401.51099 | W34: =(AA$22*P34)+AA$23 -> 19.6497 | X34: =(((W34/1000)*6)*1000)-AVERAGE(X$47:X$49) -> 115.84305 | Y34: =X34/(M34/1000) -> 578.63661
A35: 96 | B35: GH | C35: native | D35: J_direct | E35: B | F35: 43661 | G35: 96 | H35: GH | I35: native | J35: J_direct | K35: B | L35: 1 | M35: 219.9 | N35: 0.079 | O35: 0.176 | P35: 0.274 | Q35: =(AA$4*N35)+AA$5 -> 8.479403 | R35: =(((Q35/1000)*6)*1000)-AVERAGE(R$47:R$49) -> 45.671934 | S35: =R35/(M35/1000) -> 207.69411 | T35: =(AA$13*(O35+0.1))+AA$14 -> 27.6997 | U35: =(((T35/1000)*6)*1000)-AVERAGE(U$47:U$49) -> 97.4765 | V35: =U35/(M35/1000) -> 443.27649 | W35: =(AA$22*P35)+AA$23 -> 27.555 | X35: =(((W35/1000)*6)*1000)-AVERAGE(X$47:X$49) -> 163.27485 | Y35: =X35/(M35/1000) -> 742.49591
F36: 43661 | G36: 96 | H36: GH | I36: native | J36: J_direct | K36: B | L36: 2 | M36: 214.9 | N36: 0.112 | O36: 0.214 | P36: 0.27 | Q36: =(AA$4*N36)+AA$5 -> 11.741684 | R36: =(((Q36/1000)*6)*1000)-AVERAGE(R$47:R$49) -> 65.24562 | S36: =R36/(M36/1000) -> 303.60921 | T36: =(AA$13*(O36+0.1))+AA$14 -> 31.5662 | U36: =(((T36/1000)*6)*1000)-AVERAGE(U$47:U$49) -> 120.6755 | V36: =U36/(M36/1000) -> 561.54258 | W36: =(AA$22*P36)+AA$23 -> 27.1496 | X36: =(((W36/1000)*6)*1000)-AVERAGE(X$47:X$49) -> 160.84245 | Y36: =X36/(M36/1000) -> 748.45254
F37: 43661 | G37: 96 | H37: GH | I37: native | J37: J_direct | K37: B | L37: 3 | M37: 214.1 | N37: 0.103 | O37: 0.199 | P37: 0.29 | Q37: =(AA$4*N37)+AA$5 -> 10.851971 | R37: =(((Q37/1000)*6)*1000)-AVERAGE(R$47:R$49) -> 59.907342 | S37: =R37/(M37/1000) -> 279.8101 | T37: =(AA$13*(O37+0.1))+AA$14 -> 30.03995 | U37: =(((T37/1000)*6)*1000)-AVERAGE(U$47:U$49) -> 111.518 | V37: =U37/(M37/1000) -> 520.86875 | W37: =(AA$22*P37)+AA$23 -> 29.1766 | X37: =(((W37/1000)*6)*1000)-AVERAGE(X$47:X$49) -> 173.00445 | Y37: =X37/(M37/1000) -> 808.05441
A38: 97 | B38: GH | C38: native | D38: J_direct | E38: B | F38: 43661 | G38: 97 | H38: GH | I38: native | J38: J_direct | K38: B | L38: 1 | M38: 237.3 | N38: 0.164 | O38: 0.236 | P38: 0.263 | Q38: =(AA$4*N38)+AA$5 -> 16.882248 | R38: =(((Q38/1000)*6)*1000)-AVERAGE(R$47:R$49) -> 96.089004 | S38: =R38/(M38/1000) -> 404.92627 | T38: =(AA$13*(O38+0.1))+AA$14 -> 33.8047 | U38: =(((T38/1000)*6)*1000)-AVERAGE(U$47:U$49) -> 134.1065 | V38: =U38/(M38/1000) -> 565.13485 | W38: =(AA$22*P38)+AA$23 -> 26.44015 | X38: =(((W38/1000)*6)*1000)-AVERAGE(X$47:X$49) -> 156.58575 | Y38: =X38/(M38/1000) -> 659.8641
F39: 43661 | G39: 97 | H39: GH | I39: native | J39: J_direct | K39: B | L39: 2 | M39: 201.6 | N39: 0.147 | O39: 0.191 | P39: 0.229 | Q39: =(AA$4*N39)+AA$5 -> 15.201679 | R39: =(((Q39/1000)*6)*1000)-AVERAGE(R$47:R$49) -> 86.00559 | S39: =R39/(M39/1000) -> 426.61503 | T39: =(AA$13*(O39+0.1))+AA$14 -> 29.22595 | U39: =(((T39/1000)*6)*1000)-AVERAGE(U$47:U$49) -> 106.634 | V39: =U39/(M39/1000) -> 528.93849 | W39: =(AA$22*P39)+AA$23 -> 22.99425 | X39: =(((W39/1000)*6)*1000)-AVERAGE(X$47:X$49) -> 135.91035 | Y39: =X39/(M39/1000) -> 674.15848
F40: 43661 | G40: 97 | H40: GH | I40: native | J40: J_direct | K40: B | L40: 3 | M40: 205 | N40: 0.148 | O40: 0.219 | P40: 0.23 | Q40: =(AA$4*N40)+AA$5 -> 15.300536 | R40: =(((Q40/1000)*6)*1000)-AVERAGE(R$47:R$49) -> 86.598732 | S40: =R40/(M40/1000) -> 422.43284 | T40: =(AA$13*(O40+0.1))+AA$14 -> 32.07495 | U40: =(((T40/1000)*6)*1000)-AVERAGE(U$47:U$49) -> 123.728 | V40: =U40/(M40/1000) -> 603.55122 | W40: =(AA$22*P40)+AA$23 -> 23.0956 | X40: =(((W40/1000)*6)*1000)-AVERAGE(X$47:X$49) -> 136.51845 | Y40: =X40/(M40/1000) -> 665.94366
A41: 100 | B41: GH | C41: native | D41: J_direct | E41: B | F41: 43661 | G41: 100 | H41: GH | I41: native | J41: J_direct | K41: B | L41: 1 | M41: 209.9 | N41: 0.39 | O41: 0.15 | P41: 0.16 | Q41: =(AA$4*N41)+AA$5 -> 39.22393 | R41: =(((Q41/1000)*6)*1000)-AVERAGE(R$47:R$49) -> 230.1391 | S41: =R41/(M41/1000) -> 1096.4226 | T41: =(AA$13*(O41+0.1))+AA$14 -> 25.0542 | U41: =(((T41/1000)*6)*1000)-AVERAGE(U$47:U$49) -> 81.6035 | V41: =U41/(M41/1000) -> 388.77323 | W41: =(AA$22*P41)+AA$23 -> 16.0011 | X41: =(((W41/1000)*6)*1000)-AVERAGE(X$47:X$49) -> 93.95145 | Y41: =X41/(M41/1000) -> 447.601
F42: 43661 | G42: 100 | H42: GH | I42: native | J42: J_direct | K42: B | L42: 2 | M42: 219.1 | N42: 0.418 | O42: 0.14 | P42: 0.156 | Q42: =(AA$4*N42)+AA$5 -> 41.991926 | R42: =(((Q42/1000)*6)*1000)-AVERAGE(R$47:R$49) -> 246.74707 | S42: =R42/(M42/1000) -> 1126.1847 | T42: =(AA$13*(O42+0.1))+AA$14 -> 24.0367 | U42: =(((T42/1000)*6)*1000)-AVERAGE(U$47:U$49) -> 75.4985 | V42: =U42/(M42/1000) -> 344.58466 | W42: =(AA$22*P42)+AA$23 -> 15.5957 | X42: =(((W42/1000)*6)*1000)-AVERAGE(X$47:X$49) -> 91.51905 | Y42: =X42/(M42/1000) -> 417.70447
F43: 43661 | G43: 100 | H43: GH | I43: native | J43: J_direct | K43: B | L43: 3 | M43: 213 | N43: 0.426 | O43: 0.161 | P43: 0.16 | Q43: =(AA$4*N43)+AA$5 -> 42.782782 | R43: =(((Q43/1000)*6)*1000)-AVERAGE(R$47:R$49) -> 251.49221 | S43: =R43/(M43/1000) -> 1180.7146 | T43: =(AA$13*(O43+0.1))+AA$14 -> 26.17345 | U43: =(((T43/1000)*6)*1000)-AVERAGE(U$47:U$49) -> 88.319 | V43: =U43/(M43/1000) -> 414.64319 | W43: =(AA$22*P43)+AA$23 -> 16.0011 | X43: =(((W43/1000)*6)*1000)-AVERAGE(X$47:X$49) -> 93.95145 | Y43: =X43/(M43/1000) -> 441.08662
A44: 108 | B44: GH | C44: native | D44: J_direct | E44: B | F44: 43661 | G44: 108 | H44: GH | I44: native | J44: J_direct | K44: B | L44: 1 | M44: 227 | N44: 0.162 | O44: 0.198 | P44: 0.257 | Q44: =(AA$4*N44)+AA$5 -> 16.684534 | R44: =(((Q44/1000)*6)*1000)-AVERAGE(R$47:R$49) -> 94.90272 | S44: =R44/(M44/1000) -> 418.07366 | T44: =(AA$13*(O44+0.1))+AA$14 -> 29.9382 | U44: =(((T44/1000)*6)*1000)-AVERAGE(U$47:U$49) -> 110.9075 | V44: =U44/(M44/1000) -> 488.5793 | W44: =(AA$22*P44)+AA$23 -> 25.83205 | X44: =(((W44/1000)*6)*1000)-AVERAGE(X$47:X$49) -> 152.93715 | Y44: =X44/(M44/1000) -> 673.73194
F45: 43661 | G45: 108 | H45: GH | I45: native | J45: J_direct | K45: B | L45: 2 | M45: 202.3 | N45: 0.254 | O45: 0.221 | P45: 0.329 | Q45: =(AA$4*N45)+AA$5 -> 25.779378 | R45: =(((Q45/1000)*6)*1000)-AVERAGE(R$47:R$49) -> 149.47178 | S45: =R45/(M45/1000) -> 738.86201 | T45: =(AA$13*(O45+0.1))+AA$14 -> 32.27845 | U45: =(((T45/1000)*6)*1000)-AVERAGE(U$47:U$49) -> 124.949 | V45: =U45/(M45/1000) -> 617.64212 | W45: =(AA$22*P45)+AA$23 -> 33.12925 | X45: =(((W45/1000)*6)*1000)-AVERAGE(X$47:X$49) -> 196.72035 | Y45: =X45/(M45/1000) -> 972.41893
F46: 43661 | G46: 108 | H46: GH | I46: native | J46: J_direct | K46: B | L46: 3 | M46: 219 | N46: 0.175 | O46: 0.192 | P46: 0.3 | Q46: =(AA$4*N46)+AA$5 -> 17.969675 | R46: =(((Q46/1000)*6)*1000)-AVERAGE(R$47:R$49) -> 102.61357 | S46: =R46/(M46/1000) -> 468.5551 | T46: =(AA$13*(O46+0.1))+AA$14 -> 29.3277 | U46: =(((T46/1000)*6)*1000)-AVERAGE(U$47:U$49) -> 107.2445 | V46: =U46/(M46/1000) -> 489.70091 | W46: =(AA$22*P46)+AA$23 -> 30.1901 | X46: =(((W46/1000)*6)*1000)-AVERAGE(X$47:X$49) -> 179.08545 | Y46: =X46/(M46/1000) -> 817.74178
F47: 43661 | G47: blank | H47: blank | I47: blank | J47: blank | K47: blank | L47: 1 | M47: NA | N47: -0.001 | O47: 0.006 | P47: 0.006 | Q47: =(AA$4*N47)+AA$5 -> 0.570843 | R47: =(((Q47/1000)*6)*1000) -> 3.425058 | S47: NA | T47: =(AA$13*(O47+0.1))+AA$14 -> 10.4022 | U47: =(((T47/1000)*6)*1000) -> 62.4132 | V47: NA | W47: =(AA$22*P47)+AA$23 -> 0.3932 | X47: =(((W47/1000)*6)*1000) -> 2.3592 | Y47: NA
F48: 43661 | G48: blank | H48: blank | I48: blank | J48: blank | K48: blank | L48: 2 | M48: NA | N48: 0.005 | O48: 0.018 | P48: 0.005 | Q48: =(AA$4*N48)+AA$5 -> 1.163985 | R48: =(((Q48/1000)*6)*1000) -> 6.98391 | S48: NA | T48: =(AA$13*(O48+0.1))+AA$14 -> 11.6232 | U48: =(((T48/1000)*6)*1000) -> 69.7392 | V48: NA | W48: =(AA$22*P48)+AA$23 -> 0.29185 | X48: =(((W48/1000)*6)*1000) -> 1.7511 | Y48: NA
F49: 43661 | G49: blank | H49: blank | I49: blank | J49: blank | K49: blank | L49: 3 | M49: NA | N49: 0.002 | O49: 0.025 | P49: NA | Q49: =(AA$4*N49)+AA$5 -> 0.867414 | R49: =(((Q49/1000)*6)*1000) -> 5.204484 | S49: NA | T49: =(AA$13*(O49+0.1))+AA$14 -> 12.33545 | U49: =(((T49/1000)*6)*1000) -> 74.0127 | V49: NA | W49: NA | X49: NA | Y49: NA
